start lat, start long, dest lat, dest long, dijkstra time, astar time, dijsktra node pulls,  astar node pulls, dijkstra found, astar found, index
80.1,95.22,52.74,153.18,7.58E-04,0.0011758,3,3,false,false,46
5.22,-21.42,41.22,-21.42,0.5342578,0.0011721,2573363,101,true,true,671
-8.46,-13.5,-40.5,-10.98,0.5336692,0.0048814,2573363,106,true,true,395
-5.94,-7.38,-36.54,-5.22,0.5434934,0.0050828,2573363,119,true,true,436
50.94,-34.02,14.94,-33.3,0.5322493,0.0012864,2573363,161,true,true,74
-9.54,68.22,-45.9,66.06,0.5446482,0.001281,2573363,161,true,true,269
84.06,75.06,85.86,76.5,0.5499621,0.0011997,2573363,169,true,true,479
-74.34,-152.1,-57.42,-149.94,0.537677,0.0012754,2573363,183,true,true,174
-57.78,88.38,10.62,88.38,0.5517047,0.0013368,2573363,191,true,true,442
-6.66,-164.7,37.98,-168.66,0.5404737,0.0015544,2573363,199,true,true,53
-0.9,-139.5,54.18,-138.06,0.5420167,0.0014226,2573363,206,true,true,467
-17.46,-171.54,20.7,150.3,0.5403271,0.0015397,2573363,212,true,true,867
4.14,-97.38,-27.9,-99.18,0.5351322,0.0012628,2573363,287,true,true,887
-63.9,1.62,-31.5,-3.42,0.5319636,0.0013372,2573363,310,true,true,687
-56.34,-17.46,49.5,-18.54,0.549231,0.0018525,2573363,319,true,true,404
-62.1,34.02,-63.9,36.54,0.54717,0.0012012,2573363,335,true,true,363
60.3,160.02,38.34,150.3,0.5411089,0.0012992,2573363,371,true,true,22
23.58,-124.74,-35.82,-120.78,0.5350182,0.0014149,2573363,455,true,true,985
-31.14,80.1,-40.14,72.18,0.5446419,0.0013205,2573363,499,true,true,552
77.22,147.78,81.54,151.02,0.525877,0.0057273,2573363,912,true,true,935
-21.06,-11.7,-43.38,-2.34,0.6446735,0.0016684,2573363,957,true,true,452
-7.38,-157.86,-49.14,-150.66,0.5533053,0.0018021,2573363,1084,true,true,544
-49.14,-35.1,-19.26,-30.06,0.5456198,0.0022178,2573363,1676,true,true,378
33.3,-22.5,87.66,-10.26,0.5308869,0.0023146,2573363,1965,true,true,936
-50.94,79.02,-61.02,71.82,0.5478497,0.0022674,2573363,2180,true,true,698
41.94,-171.9,64.26,-179.1,0.5311805,0.0061433,2573363,2187,true,true,87
1.98,170.46,0.54,-167.94,0.5340182,0.0018445,2573363,2605,true,true,650
-36.54,-175.86,-20.7,-167.58,0.5294887,0.0020988,2573363,2697,true,true,481
41.58,37.26,-39.42,-123.66,0.0012553,0.0017094,2797,2797,false,false,789
-45.54,-122.58,-42.3,-131.58,0.5381273,0.0056339,2573363,2836,true,true,861
-1.26,-39.78,-76.14,-29.34,0.5392444,0.0029472,2573363,3065,true,true,883
-39.06,-132.66,-19.62,-140.94,0.5374381,0.0025267,2573363,3094,true,true,754
-22.86,-1.98,-52.38,-13.5,0.5310553,0.0028105,2573363,3227,true,true,681
77.94,115.38,77.94,121.5,0.5394812,0.0019375,2573363,3232,true,true,252
40.5,-174.78,33.66,174.06,0.526397,0.0023852,2573363,3347,true,true,941
-15.3,-95.94,-35.82,-112.5,0.5456992,0.0022476,2573363,3352,true,true,6
42.66,-10.98,-51.3,-21.78,0.5812984,0.00305,2573363,3392,true,true,881
-17.46,-116.46,-51.66,-103.86,0.5387202,0.0029589,2573363,3776,true,true,809
82.62,-50.58,89.1,-58.14,0.5515725,0.0025709,2573363,3979,true,true,635
76.86,-169.02,22.5,173.34,0.5304178,0.0030426,2573363,4024,true,true,68
0.18,-118.98,-17.1,-99.18,0.5329466,0.0068657,2573363,4261,true,true,720
-12.42,155.7,16.02,158.58,0.5271113,0.00276,2573363,4447,true,true,93
13.5,177.66,18.9,-167.22,0.5390608,0.0024659,2573363,4662,true,true,216
-77.22,-179.46,76.5,-169.74,0.5272077,0.0044303,2573363,4934,true,true,696
-30.78,71.46,-9.54,64.62,0.5418227,0.0030445,2573363,5505,true,true,253
-12.06,-105.66,-48.42,-122.58,0.5365732,0.0037355,2573363,5667,true,true,602
-14.58,-34.74,-45.9,-5.94,0.5436415,0.0040149,2573363,6298,true,true,711
-13.5,170.1,34.38,-143.82,0.5281568,0.0043688,2573363,6605,true,true,960
17.46,-153.9,22.86,-135.54,0.5459476,0.0032609,2573363,7088,true,true,610
-53.46,-13.5,1.62,-9.18,0.5386702,0.0039427,2573363,7214,true,true,737
-5.58,-18.9,0.54,-40.5,0.5345649,0.0033497,2573363,7461,true,true,407
-27.9,162.54,44.1,175.14,0.5563025,0.0044722,2573363,7590,true,true,320
-3.06,-0.9,42.66,-22.5,0.5317628,0.0039168,2573363,7692,true,true,159
39.78,-135.9,-57.06,-150.66,0.5397462,0.0100293,2573363,7787,true,true,799
-7.02,-111.78,-9.54,-145.26,0.5394088,0.0037341,2573363,8357,true,true,215
12.42,-121.5,-21.78,-157.86,0.5406411,0.0047113,2573363,8458,true,true,911
-47.34,76.14,-17.1,56.34,0.5398685,0.0048126,2573363,8787,true,true,82
-7.02,-12.42,70.02,-10.98,0.5361581,0.0054706,2573363,8800,true,true,411
-25.38,90.18,-18.54,68.94,0.6061573,0.0039203,2573363,9541,true,true,312
86.58,-175.86,63.54,-176.94,0.5327148,0.0050704,2573363,9591,true,true,736
-63.54,-160.74,-17.1,-129.06,0.5348924,0.0057231,2573363,10000,true,true,340
-60.3,-64.62,-63.54,-78.66,0.5566758,0.0042656,2573363,10014,true,true,327
87.3,-152.1,30.78,-160.74,0.5455525,0.0058609,2573363,10149,true,true,272
-42.3,-121.14,-29.7,-101.7,0.5356589,0.0045724,2573363,10220,true,true,217
85.5,-28.26,84.78,-43.74,0.5470826,0.0076648,2573363,10332,true,true,521
26.1,-23.58,11.7,-46.62,0.538537,0.0075782,2573363,10526,true,true,893
-19.62,-90.9,-25.38,-113.22,0.5383096,0.0045781,2573363,10779,true,true,617
61.02,-18.18,-3.06,-6.3,0.5279973,0.0101292,2573363,11238,true,true,889
35.82,-125.82,-5.58,-81.9,0.5314901,0.0057971,2573363,11851,true,true,629
-33.66,-97.74,-19.98,-74.7,0.5441189,0.0059898,2573363,12495,true,true,943
57.42,21.06,-48.06,-12.06,0.5220749,0.0064809,2573363,12699,true,true,391
-74.7,-169.74,81.18,-157.5,0.5325597,0.008516,2573363,13120,true,true,699
36.18,-176.22,85.14,-158.58,0.5314188,0.0121448,2573363,13331,true,true,633
44.46,-158.22,7.74,-144.9,0.5303421,0.0067763,2573363,13436,true,true,208
45.9,-166.14,-54.9,175.5,0.5320848,0.0080739,2573363,13447,true,true,394
75.78,-170.46,13.14,168.3,0.5342119,0.0072169,2573363,13447,true,true,852
-64.98,114.3,-34.38,86.94,0.5437313,0.006609,2573363,13641,true,true,106
31.5,-155.7,15.66,178.74,0.5392471,0.0062094,2573363,13933,true,true,207
-10.26,-136.98,-69.66,-152.46,0.5348485,0.0086379,2573363,13979,true,true,161
-4.86,136.26,-45.54,116.82,0.5327093,0.0065994,2573363,14045,true,true,814
37.62,9.54,-20.34,-29.34,0.0030733,0.0052623,14215,14215,false,false,190
39.78,25.38,18.18,-22.14,0.0028866,0.0053802,14215,14215,false,false,723
36.18,28.26,74.7,-128.7,0.0029405,0.0055584,14215,14215,false,false,803
30.42,19.26,84.42,-66.42,0.0028818,0.0062389,14215,14215,false,false,862
-9.54,-148.86,71.82,-167.22,0.5636205,0.0094719,2573363,14403,true,true,177
-30.06,172.98,0.9,152.1,0.5277295,0.0072354,2573363,14832,true,true,221
-37.26,-138.78,13.5,-91.62,0.5331454,0.0077445,2573363,14958,true,true,278
-30.42,-15.3,-40.86,6.3,0.534189,0.0106728,2573363,15688,true,true,402
70.74,172.26,20.34,-178.74,0.5324474,0.0067294,2573363,15933,true,true,331
-28.98,-173.34,2.34,-161.1,0.5334183,0.0075099,2573363,16026,true,true,148
-21.06,-136.26,-53.1,-111.06,0.5369264,0.0085466,2573363,16355,true,true,454
54.54,-130.5,-71.1,-147.78,0.5407224,0.0109746,2573363,16862,true,true,201
1.62,-25.38,-35.82,0.18,0.5318001,0.0075789,2573363,16903,true,true,713
13.86,118.62,3.78,153.9,0.5282078,0.0067071,2573363,17201,true,true,475
-63.54,171.9,21.42,-178.74,0.5347223,0.0122524,2573363,17776,true,true,538
-47.7,-80.46,-28.62,-106.74,0.5420978,0.0076089,2573363,17836,true,true,70
-63.9,-12.42,46.26,-14.94,0.5391512,0.0099904,2573363,17935,true,true,121
63.54,-88.38,19.62,-37.26,0.5360279,0.0077411,2573363,18157,true,true,817
-20.34,-73.62,15.66,-98.46,0.5405948,0.0076436,2573363,18159,true,true,815
70.38,2.34,23.22,-42.3,0.5236262,0.0095009,2573363,18267,true,true,950
-9.9,131.22,-7.38,78.3,0.5287067,0.0074218,2573363,18710,true,true,246
8.46,95.58,4.86,-174.06,0.5329358,0.0082252,2573363,19052,true,true,937
-52.38,-33.3,-54.18,-53.46,0.5425723,0.0078434,2573363,19096,true,true,731
-21.78,75.78,-27.54,106.02,0.5390203,0.0145454,2573363,19543,true,true,929
-6.66,-142.74,58.5,-165.78,0.5452534,0.0114043,2573363,19646,true,true,628
-18.18,111.78,22.5,142.02,0.5203818,0.0090595,2573363,19914,true,true,170
-59.22,124.74,-59.94,104.22,0.5906438,0.0075574,2573363,20024,true,true,542
-38.34,-147.78,0.18,169.02,0.5378122,0.0114159,2573363,20231,true,true,902
-53.82,72.9,-7.74,44.82,0.5402902,0.0103379,2573363,20837,true,true,586
48.06,-24.66,52.38,-45.9,0.5401057,0.0085663,2573363,20895,true,true,480
-68.94,-151.02,-25.02,170.82,0.5273372,0.0143347,2573363,21017,true,true,348
-57.06,67.5,-64.98,46.26,0.5371378,0.0087303,2573363,21079,true,true,9
8.1,173.7,7.02,-95.94,0.5320736,0.0088634,2573363,21230,true,true,439
70.74,7.38,47.7,-21.42,0.5236168,0.0106247,2573363,22611,true,true,108
13.14,-124.02,-28.62,-110.7,0.5396943,0.0086812,2573363,22619,true,true,240
-60.66,-71.1,-51.3,-47.7,0.5576506,0.0093835,2573363,22810,true,true,114
-38.34,170.1,-9.18,129.42,0.533624,0.0103243,2573363,23305,true,true,755
67.14,-5.22,-58.14,1.26,0.5295902,0.0129224,2573363,23325,true,true,594
-48.42,32.22,3.06,50.22,0.5451935,0.0109505,2573363,23619,true,true,239
-12.78,-151.74,-18.18,-110.7,0.5328068,0.0083751,2573363,23657,true,true,306
-30.42,-162.9,-56.34,-135.9,0.533409,0.0121287,2573363,23744,true,true,643
27.9,-112.14,-15.66,-121.86,0.5267723,0.0094299,2573363,24151,true,true,493
-29.7,-14.94,8.1,-38.34,0.5330346,0.0108051,2573363,24196,true,true,132
79.38,-144.18,23.22,-172.26,0.5353165,0.0104468,2573363,24523,true,true,796
-61.02,-150.66,3.78,144.18,0.5353833,0.0112535,2573363,24708,true,true,885
-64.98,170.1,-6.3,-142.38,0.5370646,0.0126869,2573363,25685,true,true,317
79.38,-165.78,6.66,141.3,0.5430631,0.0126588,2573363,25836,true,true,198
14.58,141.66,17.82,-169.38,0.5275507,0.0094188,2573363,25907,true,true,888
-0.18,141.3,-47.7,136.62,0.5308575,0.0112396,2573363,25945,true,true,337
-58.86,129.78,-45.54,104.94,0.6077712,0.0107859,2573363,26320,true,true,209
81.9,169.02,12.42,-178.74,0.5330062,0.0120045,2573363,26839,true,true,710
18.9,139.14,-32.94,99.9,0.5321068,0.0123993,2573363,27291,true,true,910
17.46,-133.38,-6.3,-95.22,0.5357868,0.0109967,2573363,27799,true,true,219
55.98,-41.94,2.7,-18.9,0.5355942,0.013543,2573363,27964,true,true,112
-0.18,-4.14,53.1,-52.38,0.5437042,0.0136921,2573363,28166,true,true,408
46.62,-142.74,-15.66,-77.22,0.5423788,0.0137007,2573363,29445,true,true,510
24.66,66.42,-29.34,104.22,0.5346231,0.0125957,2573363,29634,true,true,91
-17.1,80.1,25.02,59.22,0.5484708,0.0118026,2573363,29981,true,true,146
-8.1,168.3,50.94,-163.62,0.5351396,0.0133158,2573363,30345,true,true,20
82.26,120.42,77.22,95.94,0.5357757,0.016375,2573363,30944,true,true,824
-75.78,-162.9,85.5,-148.5,0.5339434,0.0183498,2573363,31798,true,true,979
-25.38,163.26,-16.02,-154.98,0.5213568,0.0119395,2573363,32059,true,true,495
24.66,-68.94,-31.14,-27.54,0.528818,0.0142129,2573363,32264,true,true,965
-18.18,117.9,-6.66,-163.26,0.5169268,0.0121312,2573363,32530,true,true,828
-62.82,10.98,-67.86,-17.1,0.5583576,0.0126313,2573363,33025,true,true,56
-43.74,136.98,-6.66,122.22,0.5256432,0.0126822,2573363,33027,true,true,697
-48.06,86.58,1.98,50.94,0.541647,0.0151495,2573363,33243,true,true,912
10.62,178.74,-44.1,147.06,0.5419819,0.0135955,2573363,33401,true,true,124
-71.1,-121.86,-1.98,-158.94,0.5342242,0.0167998,2573363,33931,true,true,597
5.94,-86.22,5.58,128.34,0.5375406,0.0135908,2573363,34184,true,true,351
57.06,-12.78,70.38,9.54,0.5267766,0.0156125,2573363,34350,true,true,310
59.94,-167.94,41.22,-136.26,0.5220326,0.0143551,2573363,34884,true,true,524
-62.46,95.94,-1.26,57.06,0.5386133,0.0170099,2573363,35577,true,true,640
75.78,27.9,-20.34,-22.5,0.5266801,0.0158452,2573363,35957,true,true,756
-43.02,-1.26,-11.7,49.14,0.5331972,0.0149424,2573363,36268,true,true,850
-22.86,-5.22,72.18,-10.98,0.5397954,0.0171885,2573363,36312,true,true,27
-58.86,105.3,1.98,81.18,0.534805,0.0163827,2573363,36563,true,true,86
-72.54,-88.38,-49.14,-117.54,0.544672,0.0168243,2573363,36834,true,true,948
-48.78,137.34,30.06,-138.78,0.5312949,0.0183048,2573363,37007,true,true,872
-3.42,163.62,-31.5,-155.7,0.5299523,0.0152732,2573363,37488,true,true,459
-47.7,-54.18,3.06,2.34,0.5377426,0.0172996,2573363,37666,true,true,250
-36.18,163.62,-35.1,121.86,0.5260039,0.0137717,2573363,37957,true,true,870
16.02,130.5,11.34,87.3,0.5222718,0.0134869,2573363,38439,true,true,539
-18.9,-9.9,11.34,-55.62,0.540414,0.0155066,2573363,38699,true,true,688
-27.9,153.54,-29.7,108.54,0.5278926,0.014588,2573363,39408,true,true,355
-3.42,-174.06,-24.66,-133.02,0.5355101,0.0153082,2573363,39466,true,true,34
-26.82,-104.94,29.7,-149.58,0.5416132,0.0195159,2573363,39478,true,true,302
50.22,-136.98,-17.46,-79.38,0.5408695,0.01797,2573363,39569,true,true,739
-8.1,-89.82,-41.22,-131.22,0.540905,0.0206393,2573363,40511,true,true,66
-56.7,-55.62,5.58,-41.94,0.5519139,0.0188785,2573363,40511,true,true,626
-32.58,39.06,-3.78,-19.98,0.550395,0.018981,2573363,41028,true,true,48
-17.1,-149.22,40.14,-179.82,0.538441,0.0164494,2573363,41513,true,true,118
-56.34,169.38,-8.46,131.58,0.53374,0.0180294,2573363,42098,true,true,10
-53.82,-86.58,-64.98,-113.22,0.5495064,0.0170361,2573363,42272,true,true,329
76.14,-136.62,-39.78,-159.3,0.5466758,0.0180837,2573363,42572,true,true,892
-34.38,-154.26,-27.54,-111.42,0.5319696,0.0154075,2573363,42850,true,true,288
73.26,-104.22,55.26,-60.3,0.5594995,0.0154257,2573363,42955,true,true,381
-10.98,-126.18,-20.7,-76.86,0.5442647,0.0146229,2573363,43393,true,true,211
-3.78,-85.86,23.22,-130.86,0.5401788,0.0216606,2573363,44183,true,true,790
31.86,-49.14,-23.94,-7.38,0.533571,0.0198617,2573363,44461,true,true,794
-69.3,176.94,-38.34,-146.7,0.5361333,0.0192845,2573363,44824,true,true,549
79.74,156.06,-52.74,-162.18,0.5505107,0.0234312,2573363,44846,true,true,981
-16.74,139.14,30.42,-159.3,0.5277454,0.0194902,2573363,44958,true,true,38
-37.98,99.9,17.46,59.94,0.5298914,0.0218241,2573363,45223,true,true,764
-27.54,171.18,36.54,121.14,0.5310946,0.0206272,2573363,45416,true,true,608
25.38,-23.94,-74.7,-54.18,0.5336585,0.0255867,2573363,45702,true,true,218
-33.66,-160.38,-15.66,154.98,0.5342786,0.0211532,2573363,46386,true,true,450
76.86,-169.38,82.98,-144.54,0.535181,0.0171392,2573363,46459,true,true,565
10.26,-53.1,76.14,-14.58,0.532732,0.0290572,2573363,47463,true,true,783
-19.26,101.34,36.9,166.86,0.5204338,0.0204641,2573363,47632,true,true,61
21.42,149.58,-36.54,174.78,0.5328494,0.0222465,2573363,47935,true,true,482
10.62,112.14,-44.1,173.7,0.5241006,0.0257203,2573363,48329,true,true,406
83.34,87.66,84.06,54.54,0.546369,0.0158359,2573363,48659,true,true,919
-39.42,151.74,-5.94,111.06,0.5326527,0.0221506,2573363,48905,true,true,202
19.98,179.82,1.62,-129.06,0.5391229,0.0195183,2573363,49074,true,true,901
-43.74,-59.58,70.74,-64.98,0.5449946,0.0263948,2573363,50620,true,true,519
34.02,-60.66,-59.94,-28.26,0.555377,0.0264652,2573363,50811,true,true,210
-66.42,3.78,-45.9,38.7,0.5340726,0.0216194,2573363,51450,true,true,624
-56.7,2.7,10.98,-21.78,0.5388167,0.0234158,2573363,51975,true,true,383
32.94,157.5,88.38,-166.14,0.5390382,0.0336671,2573363,52103,true,true,502
26.1,174.78,-7.02,126.9,0.5368824,0.0213002,2573363,52374,true,true,71
-68.58,160.38,13.5,-176.58,0.5284212,0.029089,2573363,53105,true,true,142
40.5,-55.98,78.3,-11.7,0.53105,0.0282463,2573363,53413,true,true,765
-57.78,158.22,-52.02,-167.58,0.5396644,0.020353,2573363,53539,true,true,102
44.46,167.58,11.7,-143.46,0.533276,0.0223817,2573363,53602,true,true,485
-63.9,-79.38,-60.66,-42.66,0.5554035,0.018877,2573363,53752,true,true,849
55.98,179.82,72.54,169.02,0.5330191,0.0218562,2573363,53756,true,true,657
-39.42,45.54,-66.42,11.7,0.5469628,0.0268,2573363,53941,true,true,33
19.98,136.26,45.9,177.3,0.5314657,0.0232651,2573363,54680,true,true,461
58.86,176.94,-27.54,158.22,0.5325614,0.0239727,2573363,56089,true,true,611
-56.34,-168.3,46.62,-141.66,0.5418751,0.025581,2573363,57049,true,true,574
29.34,131.58,-48.78,118.98,0.5277005,0.0256004,2573363,57760,true,true,762
-37.62,-111.78,-15.3,-160.38,0.5468247,0.0257106,2573363,57852,true,true,672
-24.3,-86.22,-47.7,-57.06,0.5432571,0.0227823,2573363,58600,true,true,581
-52.02,174.06,20.7,129.42,0.5344328,0.0263995,2573363,58823,true,true,359
-21.78,80.1,-40.5,37.98,0.5396845,0.0231448,2573363,59945,true,true,271
83.34,-158.22,-16.02,-90.54,0.5321437,0.0284829,2573363,60101,true,true,89
23.58,-20.34,38.34,-63.9,0.5404931,0.047009,2573363,60642,true,true,903
-19.62,-85.86,0.9,-142.38,0.5369805,0.021846,2573363,60699,true,true,963
49.14,-6.66,-74.7,-52.02,0.5285902,0.0345086,2573363,60712,true,true,226
-64.62,143.82,-36.18,101.34,0.5313557,0.0283107,2573363,61058,true,true,835
-7.38,-97.74,-40.14,-144.9,0.5363972,0.0245046,2573363,61730,true,true,233
89.46,26.1,-53.82,-42.3,0.5244473,0.0308333,2573363,61988,true,true,315
-45.54,-56.34,13.5,-61.74,0.543423,0.0234844,2573363,62224,true,true,422
-4.86,-8.1,60.66,4.5,0.532636,0.0302005,2573363,62594,true,true,553
37.26,-55.62,-10.98,6.3,0.5342596,0.0279416,2573363,62819,true,true,921
60.3,177.66,28.62,129.06,0.5335376,0.0263655,2573363,63633,true,true,345
-66.06,21.06,-47.7,-17.82,0.5350131,0.0251608,2573363,63844,true,true,24
-54.9,-51.3,-58.14,-17.1,0.5513328,0.0241584,2573363,64773,true,true,396
26.82,123.66,-62.46,164.7,0.524927,0.0274571,2573363,65192,true,true,735
-53.46,-135.54,-57.06,-100.62,0.5314592,0.0239828,2573363,65280,true,true,262
-57.42,134.1,21.78,90.18,0.5378301,0.028766,2573363,65645,true,true,955
-9.18,2.34,-57.42,43.74,0.5315099,0.0301638,2573363,66069,true,true,54
81.9,62.82,77.22,25.38,0.5479594,0.0252406,2573363,66474,true,true,945
-59.22,-11.7,-63.9,27.18,0.5474087,0.0249561,2573363,67197,true,true,64
77.58,-121.14,67.14,-170.1,0.5616057,0.0243007,2573363,68462,true,true,768
-46.98,-22.5,-39.06,21.42,0.5410708,0.0252455,2573363,68541,true,true,364
11.34,87.3,-32.58,164.7,0.5318521,0.0263104,2573363,68808,true,true,961
76.86,49.5,87.3,86.94,0.5347117,0.0250747,2573363,69683,true,true,131
-37.62,136.26,30.42,-178.38,0.5266196,0.0315031,2573363,70994,true,true,423
-0.54,-139.5,-37.26,-86.58,0.5399233,0.0314353,2573363,71563,true,true,476
82.26,7.02,3.42,2.34,0.5222455,0.0353867,2573363,71622,true,true,691
62.82,-4.86,-48.42,19.26,0.5243265,0.031905,2573363,71675,true,true,35
10.98,-121.86,-66.06,-87.3,0.5464552,0.0402516,2573363,72248,true,true,969
-63.54,85.5,32.58,157.5,0.5399881,0.0334856,2573363,72455,true,true,548
13.14,152.82,-7.74,66.06,0.5349411,0.0265728,2573363,72882,true,true,47
-61.38,125.1,28.98,135.54,0.5292278,0.0316251,2573363,73071,true,true,376
-7.74,70.02,34.38,136.98,0.5392184,0.0283868,2573363,73173,true,true,595
84.06,-115.74,-41.58,-174.78,0.5560372,0.0274725,2573363,73290,true,true,977
-15.3,160.02,32.58,-138.06,0.5424437,0.0315118,2573363,73835,true,true,603
35.46,159.3,-52.38,-112.86,0.5391327,0.0357205,2573363,73924,true,true,445
37.62,130.14,14.58,-172.98,0.5361127,0.0268289,2573363,73976,true,true,277
-13.86,167.58,-9.9,-91.62,0.5296822,0.0346503,2573363,73989,true,true,31
-35.82,169.74,41.22,-154.98,0.5235022,0.0361528,2573363,74533,true,true,130
55.26,-79.02,-58.14,-13.14,0.5354723,0.0366224,2573363,76534,true,true,276
-49.14,-177.3,23.22,148.14,0.5423377,0.0346775,2573363,77226,true,true,358
-37.62,-136.26,-32.94,-81.18,0.5438676,0.0282496,2573363,80065,true,true,231
9.54,-13.86,22.14,-82.62,0.5347066,0.033797,2573363,80469,true,true,648
-48.06,-178.74,24.66,-134.82,0.5331037,0.0355214,2573363,81067,true,true,522
82.62,-173.7,-17.82,-85.86,0.5380276,0.034235,2573363,82704,true,true,670
84.06,171.9,-10.98,-116.1,0.5852267,0.0391706,2573363,83281,true,true,532
22.14,-134.82,-57.42,-96.3,0.545578,0.0367947,2573363,83305,true,true,438
85.14,90.9,79.02,144.54,0.5446126,0.027242,2573363,84724,true,true,171
-52.02,-44.82,5.22,-129.42,0.549145,0.0356823,2573363,87987,true,true,770
83.7,133.74,17.46,179.46,0.5333586,0.0310898,2573363,88364,true,true,798
-39.06,-84.06,32.94,-165.42,0.5435605,0.0392663,2573363,88378,true,true,868
-47.7,-75.42,44.46,-23.94,0.5463786,0.0339757,2573363,88839,true,true,392
81.18,128.34,-24.66,-171.54,0.5392649,0.0303673,2573363,89370,true,true,415
-36.18,-152.46,-26.1,-92.34,0.5341123,0.0317667,2573363,89593,true,true,40
0.18,162.18,63.54,-161.46,0.534171,0.0481236,2573363,89708,true,true,491
88.74,145.98,1.98,-146.7,0.534293,0.0364528,2573363,90266,true,true,487
13.14,61.38,34.74,120.42,0.536353,0.0315812,2573363,90766,true,true,324
-9.54,143.46,53.82,-142.02,0.5300581,0.0410752,2573363,90877,true,true,43
-42.3,-108.18,21.78,174.42,0.5393783,0.044538,2573363,92242,true,true,531
-69.66,-53.46,-5.58,-129.06,0.5391128,0.0366486,2573363,92370,true,true,413
-15.66,-8.46,32.58,-74.7,0.5385824,0.0383669,2573363,93437,true,true,258
87.66,-170.46,29.34,-118.98,0.5348303,0.0424227,2573363,93814,true,true,994
88.02,-141.66,-5.94,-126.18,0.5431776,0.0485908,2573363,94179,true,true,966
-5.22,-97.38,-25.38,-161.82,0.5341709,0.0356881,2573363,95617,true,true,537
84.78,158.22,-41.58,-144.9,0.5344467,0.0395854,2573363,96513,true,true,69
-5.22,-136.62,-67.5,-177.66,0.5384817,0.056755,2573363,97235,true,true,307
-7.74,122.94,-15.3,-118.98,0.5215812,0.0346374,2573363,97658,true,true,184
-56.7,-112.5,-21.42,-169.38,0.5426201,0.0396252,2573363,97758,true,true,224
-41.58,-100.26,-50.94,-54.18,0.5484986,0.0385517,2573363,98789,true,true,483
89.82,-15.66,-66.06,-54.9,0.5353118,0.0611608,2573363,99568,true,true,304
-38.7,-77.94,15.3,-34.02,0.5428491,0.0388103,2573363,100007,true,true,297
80.46,-138.42,3.78,-108.18,0.5425764,0.0380575,2573363,100349,true,true,385
-9.9,66.42,-46.62,120.42,0.5424841,0.0409012,2573363,101059,true,true,95
-3.06,-167.22,-28.98,-104.22,0.535028,0.0379268,2573363,101747,true,true,512
-36.9,168.3,51.3,-129.42,0.5283953,0.044601,2573363,101956,true,true,682
64.26,-74.34,-36.18,-46.98,0.5348636,0.0445182,2573363,102104,true,true,335
-66.06,-118.98,-68.58,-168.66,0.5349811,0.0353655,2573363,102166,true,true,397
-12.06,-97.74,12.06,-171.9,0.5368984,0.0430864,2573363,102983,true,true,898
-34.74,-3.06,81.9,10.62,0.5358032,0.0508692,2573363,105006,true,true,719
-56.7,-139.14,10.26,142.02,0.5402162,0.045968,2573363,105155,true,true,225
-49.86,171.9,-23.58,-129.06,0.5356859,0.0399532,2573363,105276,true,true,180
-25.74,109.98,57.78,-175.86,0.5246359,0.0494867,2573363,106282,true,true,721
-36.18,65.34,0.54,137.34,0.5465633,0.0406175,2573363,107633,true,true,143
85.5,137.34,7.02,160.74,0.5753623,0.0449263,2573363,107916,true,true,97
76.5,-102.06,-52.38,-154.26,0.5456649,0.0454166,2573363,108024,true,true,500
-68.94,38.34,27.9,-29.7,0.5398299,0.0507358,2573363,108046,true,true,26
9.54,151.38,12.06,52.38,0.5282731,0.0379769,2573363,109858,true,true,273
-10.98,48.06,-6.66,-179.82,0.5434794,0.0418668,2573363,110065,true,true,425
-33.66,65.34,-60.66,17.46,0.5400056,0.0476737,2573363,110914,true,true,998
10.98,108.9,9.18,-119.34,0.5204981,0.042509,2573363,111054,true,true,427
-17.46,-144.54,-75.06,170.1,0.5358066,0.0625066,2573363,112312,true,true,730
50.58,149.58,8.46,59.94,0.5416283,0.0421964,2573363,112483,true,true,693
-49.5,108.9,-43.02,52.02,0.5318258,0.039885,2573363,113227,true,true,167
-47.34,-41.94,25.02,-149.22,0.594794,0.0469216,2573363,115356,true,true,976
64.98,-167.58,-7.38,-86.94,0.7670468,0.0504584,2573363,116808,true,true,973
2.7,66.78,57.78,145.26,0.5401258,0.050777,2573363,118004,true,true,173
52.38,144.18,-17.46,62.1,0.534533,0.0611424,2573363,119725,true,true,944
-38.7,116.1,13.86,-143.82,0.5322901,0.0478114,2573363,120726,true,true,856
-2.7,7.02,-7.74,84.06,0.5412373,0.0456799,2573363,122750,true,true,309
11.7,160.38,-3.42,43.38,0.5355086,0.0435785,2573363,123135,true,true,294
53.46,-154.26,-59.94,165.78,0.5310787,0.0683648,2573363,123331,true,true,49
-21.06,168.3,-19.26,-92.34,0.5236414,0.0474742,2573363,123562,true,true,370
89.82,-117.18,-51.3,-22.86,0.5469595,0.0530304,2573363,123574,true,true,214
50.22,-14.58,-43.74,38.34,0.5285711,0.0499975,2573363,123831,true,true,293
-40.14,-91.98,-3.06,-164.7,0.5436973,0.0463668,2573363,124601,true,true,607
5.94,-39.42,-33.3,28.62,0.5385123,0.0494489,2573363,124848,true,true,206
-40.14,-37.26,-12.42,-81.54,0.5449802,0.0439217,2573363,125026,true,true,237
88.02,80.46,-12.06,-20.34,0.5509987,0.0437756,2573363,125448,true,true,499
9.18,-89.46,81.9,-176.58,0.5314251,0.0499477,2573363,126460,true,true,810
79.02,25.74,-55.62,-56.7,0.5750087,0.0630911,2573363,127254,true,true,431
-9.9,-174.78,-22.14,86.58,0.5800719,0.0451719,2573363,127504,true,true,451
-21.06,-8.82,12.78,50.58,0.5331271,0.0465707,2573363,128276,true,true,806
78.66,55.98,13.86,-50.58,0.5319701,0.0481673,2573363,129011,true,true,530
18.18,38.34,40.5,154.26,0.5309658,0.0541349,2573363,129112,true,true,152
12.78,117.54,-37.26,-162.9,0.5257197,0.0557692,2573363,129161,true,true,642
-60.3,-148.86,-68.94,157.14,0.5386255,0.0527707,2573363,130405,true,true,418
78.3,-156.06,-34.02,-112.5,0.5359843,0.0591735,2573363,130887,true,true,865
77.58,-101.34,-5.94,-151.02,0.5516356,0.047993,2573363,132600,true,true,615
-67.86,72.54,32.58,143.46,0.5355058,0.0605684,2573363,132704,true,true,205
-55.98,145.98,-38.34,80.1,0.5429893,0.0464373,2573363,132750,true,true,90
-45.54,153.18,-42.66,-145.62,0.5337703,0.0500255,2573363,133427,true,true,886
77.94,41.22,23.22,-47.7,0.5340179,0.0650972,2573363,134030,true,true,774
63.54,-75.42,-46.62,-59.94,0.5358812,0.0595388,2573363,134085,true,true,604
-3.06,-3.78,-14.22,79.74,0.5307096,0.0473111,2573363,134373,true,true,558
-5.58,57.42,-46.26,119.34,0.5398757,0.0605548,2573363,134963,true,true,139
-4.86,-139.5,-66.78,169.74,0.5372856,0.0718561,2573363,135839,true,true,588
22.14,-177.66,-37.98,105.3,0.5376788,0.0547981,2573363,136496,true,true,590
59.94,-152.46,-50.94,-97.02,0.5292199,0.0606246,2573363,136657,true,true,842
7.02,113.22,-31.86,40.5,0.5188748,0.05389,2573363,137410,true,true,334
63.54,-2.34,64.26,-58.5,0.5232063,0.0520117,2573363,137859,true,true,598
-14.58,120.42,-55.26,59.94,0.5173562,0.0561251,2573363,137930,true,true,793
8.82,-112.5,-11.34,152.82,0.5271945,0.0505303,2573363,138204,true,true,314
89.46,-110.7,22.5,144.18,0.5495716,0.0508409,2573363,139573,true,true,248
32.58,-122.94,-2.34,156.06,0.5376472,0.0512407,2573363,140364,true,true,120
73.62,-126.18,-42.3,-137.34,0.5458338,0.0547008,2573363,141378,true,true,456
-51.3,-23.58,-48.42,-81.9,0.5444226,0.0536264,2573363,141437,true,true,295
57.78,-44.82,-68.58,5.94,0.5321586,0.0741458,2573363,142588,true,true,575
-55.98,-162.18,-39.06,-103.5,0.5412881,0.055124,2573363,142783,true,true,747
-65.7,80.1,-45.9,147.78,0.5425745,0.0583642,2573363,143597,true,true,16
-25.02,-122.94,-32.58,162.18,0.5340233,0.0578362,2573363,144649,true,true,113
79.74,171.9,-43.38,-115.38,0.5353505,0.064252,2573363,144889,true,true,692
75.78,164.7,-35.1,-121.5,0.5284698,0.0670991,2573363,147042,true,true,951
-3.42,-81.9,-4.86,-22.14,0.5342234,0.0533351,2573363,148085,true,true,526
-35.82,-123.3,-7.02,156.42,0.5388417,0.0598478,2573363,148870,true,true,458
-57.42,-179.46,-32.58,112.14,0.5341819,0.0603615,2573363,149551,true,true,821
-37.98,116.82,63.9,-173.7,0.5308394,0.0762137,2573363,149712,true,true,251
17.1,41.94,-70.02,-5.94,0.5318548,0.0861304,2573363,151381,true,true,560
-62.1,51.66,-23.22,-22.86,0.5453608,0.0610319,2573363,152008,true,true,760
89.82,-74.34,-12.06,-168.3,0.5476927,0.056813,2573363,152964,true,true,855
-46.62,-134.1,88.02,-172.26,0.5306634,0.080879,2573363,153760,true,true,564
53.46,165.06,-54.9,75.78,0.5471081,0.070455,2573363,154500,true,true,587
-52.02,107.46,-8.1,-162.54,0.5353635,0.0680967,2573363,154577,true,true,899
84.06,136.26,22.5,-120.42,0.5298134,0.0714697,2573363,155256,true,true,931
-24.66,52.38,-62.82,111.42,0.5431604,0.0732197,2573363,155796,true,true,701
5.22,-81.9,-63.54,-39.42,0.5314955,0.0926188,2573363,156029,true,true,932
87.66,98.82,21.06,172.62,0.5428763,0.0554343,2573363,156479,true,true,782
17.1,171.9,-48.06,-109.98,0.5334181,0.0672838,2573363,157662,true,true,126
13.14,-105.66,6.3,120.78,0.5287154,0.0651021,2573363,161912,true,true,866
-36.9,77.58,-6.66,8.46,0.5413115,0.0663232,2573363,163354,true,true,356
-65.7,136.62,-33.66,61.38,0.5310087,0.0596824,2573363,163508,true,true,28
-11.7,-165.42,-27.18,100.62,0.5348652,0.0604227,2573363,163985,true,true,144
64.98,37.98,-52.38,28.26,0.5370199,0.0674034,2573363,164843,true,true,478
76.5,178.38,77.58,109.62,0.5327557,0.0600588,2573363,164876,true,true,952
-11.7,136.26,6.3,-96.66,0.5284561,0.0594539,2573363,165481,true,true,349
-18.9,58.14,-37.98,129.42,0.5393704,0.0635068,2573363,165971,true,true,636
4.5,-33.3,-29.7,50.94,0.5368574,0.0688133,2573363,166028,true,true,999
-56.34,-74.7,-36.54,-145.62,0.5725362,0.060895,2573363,166231,true,true,45
-12.06,124.38,-41.58,-146.34,0.5268713,0.065098,2573363,166637,true,true,350
6.66,-29.7,88.02,-33.3,0.5447065,0.0950282,2573363,167753,true,true,134
-48.78,-30.42,-45.18,-99.54,0.5414038,0.0700795,2573363,167797,true,true,746
-57.06,-111.42,-69.66,-44.1,0.5466331,0.065671,2573363,168759,true,true,641
9.9,-86.22,-55.98,-39.78,0.5331879,0.07068,2573363,169867,true,true,786
85.14,149.58,-36.9,150.66,0.5383082,0.0762708,2573363,172817,true,true,897
-9.9,-170.1,4.5,54.54,0.5467813,0.0627451,2573363,172893,true,true,637
-21.42,-77.22,48.78,-166.14,0.5657483,0.0739904,2573363,173561,true,true,107
-49.14,50.58,-1.62,-39.06,0.5462617,0.0706294,2573363,173641,true,true,934
-46.62,90.54,-41.58,15.66,0.5442134,0.0641418,2573363,175082,true,true,503
-41.22,1.98,-55.98,70.02,0.5409139,0.0733038,2573363,183235,true,true,556
-56.7,1.26,-59.58,-68.94,0.5858161,0.068148,2573363,183453,true,true,178
82.62,159.66,-40.14,90.54,0.5318121,0.0714096,2573363,183897,true,true,831
-53.1,-31.5,-48.78,-106.38,0.548646,0.0693052,2573363,184261,true,true,275
70.38,165.06,-51.66,-106.02,0.5292713,0.0824265,2573363,184957,true,true,606
-44.46,45.9,30.78,124.02,0.5424769,0.0784167,2573363,186171,true,true,712
34.38,-160.74,75.42,149.22,0.536393,0.0898107,2573363,188343,true,true,920
86.94,-138.06,-54.54,-115.38,0.5539272,0.0818781,2573363,188466,true,true,494
27.18,-160.02,-13.5,102.78,0.5428388,0.0706708,2573363,189247,true,true,255
-66.06,-37.26,19.26,-107.46,0.5431451,0.0763198,2573363,189700,true,true,825
82.26,-127.98,81.18,142.74,0.5441601,0.0641018,2573363,191208,true,true,486
-54.54,-148.14,15.3,117.9,0.545011,0.0850867,2573363,191363,true,true,377
-1.98,-174.06,12.78,97.02,0.5391639,0.0682598,2573363,192721,true,true,398
87.66,-1.26,27.54,-79.74,0.5302706,0.0725403,2573363,192771,true,true,914
-55.62,-0.9,-57.42,-73.62,0.538837,0.0716304,2573363,193798,true,true,514
-65.34,-64.98,-32.22,-145.26,0.5629394,0.0726817,2573363,194737,true,true,52
-63.54,-36.18,-38.7,37.62,0.5429863,0.0782877,2573363,195117,true,true,353
-76.5,165.78,9.18,59.94,0.5307298,0.073425,2573363,195557,true,true,367
18.54,172.26,-68.22,-131.58,0.5417692,0.1060017,2573363,196393,true,true,326
19.98,70.02,-11.7,-36.9,0.5395704,0.0750569,2573363,198082,true,true,301
-41.94,-132.66,-65.7,-67.86,0.5366311,0.0855338,2573363,199466,true,true,13
3.78,-20.7,-73.26,-82.98,0.5746493,0.1101381,2573363,201242,true,true,199
37.62,154.62,84.42,151.02,0.5969731,0.0914124,2573363,204229,true,true,311
51.66,-147.42,-57.78,-79.38,0.5513584,0.0908219,2573363,204726,true,true,655
82.98,-18.54,68.58,-98.82,0.5275974,0.0862922,2573363,205107,true,true,938
32.94,-147.78,-4.86,135.54,0.5408878,0.0797234,2573363,206656,true,true,827
89.46,-66.06,3.06,179.46,0.5493235,0.0716324,2573363,206865,true,true,4
-26.82,-160.74,-46.26,130.5,0.5384781,0.0844743,2573363,207076,true,true,618
-21.06,167.94,-38.7,-114.66,0.5250778,0.082256,2573363,210184,true,true,416
76.5,116.82,17.82,-25.74,0.5402086,0.0881555,2573363,210970,true,true,894
-26.1,-40.14,-32.58,-125.1,0.5346234,0.093224,2573363,217503,true,true,923
-56.34,143.82,-53.46,-133.38,0.53243,0.0828913,2573363,217826,true,true,639
-66.42,78.3,12.78,-39.78,0.5347059,0.087998,2573363,222320,true,true,60
-70.02,-9.9,21.78,-90.18,0.5405502,0.0913847,2573363,222328,true,true,323
15.3,-21.78,-8.1,78.66,0.5330098,0.0848336,2573363,226007,true,true,474
-40.5,-121.86,-29.7,-43.02,0.5379059,0.0856655,2573363,226882,true,true,158
-0.9,-9.9,-29.7,90.54,0.529402,0.0849479,2573363,227589,true,true,187
-32.58,-166.5,-57.06,124.38,0.5322799,0.1008593,2573363,228678,true,true,957
82.98,-16.38,75.42,-100.98,0.5298399,0.091751,2573363,229063,true,true,946
-66.78,-93.78,-56.7,-8.46,0.5425005,0.0864878,2573363,229368,true,true,954
82.62,120.06,-9.9,130.86,0.5364828,0.0955022,2573363,231896,true,true,589
-44.1,89.82,-74.34,169.38,0.5364131,0.0977698,2573363,231970,true,true,570
-47.34,93.42,-29.7,0.18,0.6274685,0.0920137,2573363,232813,true,true,970
-51.3,-86.22,-59.58,-166.86,0.5535134,0.0962025,2573363,235417,true,true,547
42.3,-64.98,-65.7,19.26,0.5307707,0.1170375,2573363,236451,true,true,848
-45.54,96.66,-12.42,0.54,0.5372832,0.0889319,2573363,236476,true,true,41
-37.26,-128.7,85.5,-147.42,0.537322,0.1248552,2573363,237415,true,true,665
82.62,70.02,-47.7,34.38,0.5456147,0.0965287,2573363,237694,true,true,700
-30.42,82.26,9.54,-34.38,0.5433867,0.0932049,2573363,237876,true,true,32
-45.9,70.74,-65.34,-12.78,0.5415007,0.1007545,2573363,238337,true,true,103
-50.22,12.78,-28.26,105.66,0.5351956,0.0857191,2573363,238710,true,true,183
86.94,82.98,-32.58,-149.22,0.5457776,0.1062151,2573363,240252,true,true,927
-44.46,119.34,46.26,-160.02,0.5267902,0.1078236,2573363,241045,true,true,689
-8.1,-92.34,-33.3,-18.9,0.5355597,0.093417,2573363,241321,true,true,520
85.14,-120.42,-63.18,-119.7,0.5482209,0.1096638,2573363,242089,true,true,727
-50.94,-171.9,-20.34,89.82,0.5340955,0.0983373,2573363,243177,true,true,149
-9.54,61.38,15.66,-56.7,0.5346773,0.0979035,2573363,243196,true,true,417
-3.06,92.34,-38.34,4.14,0.5295144,0.0941722,2573363,244482,true,true,625
-55.62,39.78,81.18,-7.74,0.5445634,0.1133161,2573363,245254,true,true,505
-52.74,130.5,-36.54,-134.46,0.5356056,0.088963,2573363,245782,true,true,17
-70.02,-77.58,-35.82,14.94,0.5462887,0.0889637,2573363,245795,true,true,81
-61.02,-120.42,78.3,-158.58,0.542837,0.1311056,2573363,245877,true,true,274
-52.74,-13.14,78.66,-71.82,0.5575134,0.1309255,2573363,246731,true,true,654
-37.98,-142.02,-5.58,116.1,0.5373303,0.0921536,2573363,247731,true,true,115
88.74,87.3,-16.38,161.46,0.5457885,0.0922149,2573363,248149,true,true,197
50.22,-179.1,-67.86,-124.02,0.5307092,0.1325257,2573363,249515,true,true,428
-25.38,-48.42,10.62,70.74,0.5345857,0.0919048,2573363,250395,true,true,227
-52.02,-97.38,-9.18,169.38,0.548058,0.1015309,2573363,250482,true,true,300
-14.22,-22.86,85.14,-39.06,0.5381246,0.1690116,2573363,250694,true,true,930
83.7,-121.86,83.34,130.14,0.550652,0.0861263,2573363,252308,true,true,795
22.86,-42.3,86.94,-88.74,0.5315087,0.1280204,2573363,254869,true,true,189
77.94,-127.62,-10.26,98.82,0.5515692,0.0985827,2573363,255372,true,true,387
7.02,108.18,23.22,-131.94,0.5224283,0.0942845,2573363,255491,true,true,155
80.46,-178.38,-54.18,76.5,0.5363958,0.1168433,2573363,255493,true,true,191
-40.14,-91.98,-43.74,-178.38,0.5465129,0.0978811,2573363,256376,true,true,67
9.18,82.26,71.46,-175.86,0.5328063,0.1084389,2573363,256716,true,true,632
24.66,56.7,-7.02,-129.78,0.5414314,0.0949798,2573363,258742,true,true,42
-38.34,109.62,-30.42,-140.22,0.5298629,0.0988623,2573363,259571,true,true,137
-39.42,80.1,-30.78,-23.22,0.5470002,0.1021309,2573363,263111,true,true,785
72.18,13.14,80.1,119.34,0.524445,0.0940707,2573363,266384,true,true,644
-37.26,79.02,-26.1,-27.9,0.5387943,0.1011877,2573363,266463,true,true,529
82.26,-109.98,87.3,136.98,0.5480752,0.0918215,2573363,266831,true,true,405
-49.14,109.62,-44.46,10.98,0.5482717,0.1041903,2573363,267345,true,true,73
77.58,133.38,23.22,-17.1,0.5326802,0.0943114,2573363,267725,true,true,361
69.3,59.58,-2.7,-174.42,0.5380127,0.1327466,2573363,268694,true,true,928
78.66,129.78,5.58,-24.3,0.5318212,0.0944305,2573363,269350,true,true,15
83.34,-130.14,-47.7,32.22,0.5501348,0.1250265,2573363,269411,true,true,905
87.66,29.34,23.58,-79.02,0.5319211,0.0970917,2573363,271666,true,true,707
-46.98,-18.54,3.06,-99.54,0.5525906,0.112033,2573363,273738,true,true,605
84.42,-82.62,-62.1,-156.78,0.5488533,0.1105896,2573363,273977,true,true,576
13.5,-103.5,-53.1,-36.18,0.5287049,0.1121188,2573363,277571,true,true,527
-21.42,-18.18,-34.02,-111.06,0.5343866,0.1088573,2573363,277639,true,true,437
-54.18,-73.26,28.62,-74.34,0.5451823,0.1076823,2573363,278275,true,true,511
-55.26,90.9,-25.38,-155.34,0.5435117,0.1043801,2573363,279889,true,true,138
14.94,-169.38,-39.78,-75.06,0.5409251,0.1128982,2573363,281065,true,true,352
-25.38,-80.82,14.58,-56.34,0.5424262,0.101158,2573363,282221,true,true,562
-73.98,-46.98,-58.14,-146.34,0.5430073,0.1053849,2573363,283286,true,true,680
-63.54,-91.26,-32.22,171.9,0.5474654,0.1043039,2573363,283314,true,true,724
-58.86,52.02,29.7,170.1,0.5428094,0.1264703,2573363,287365,true,true,109
72.9,-145.62,9.54,100.98,0.5390108,0.109871,2573363,287875,true,true,839
5.22,-93.06,37.98,157.14,0.5437621,0.1236455,2573363,287950,true,true,995
-8.46,100.26,85.5,-149.94,0.5300822,0.1321918,2573363,288899,true,true,820
48.42,-44.46,-53.46,48.42,0.5291868,0.1291227,2573363,288989,true,true,584
-49.14,-105.3,29.34,-38.34,0.5466234,0.1155694,2573363,292076,true,true,854
-12.06,-153.54,88.02,154.26,0.5349141,0.1569876,2573363,292759,true,true,504
37.98,-144.54,2.7,104.22,0.5358576,0.1136939,2573363,294669,true,true,752
-5.22,173.7,-40.86,78.66,0.5276572,0.1196866,2573363,295116,true,true,722
-47.7,-19.62,15.66,-153.9,0.546479,0.1246151,2573363,295669,true,true,559
-46.62,-116.1,-29.34,-14.22,0.5970115,0.1145809,2573363,296468,true,true,449
37.62,-70.38,72.9,24.66,0.5372392,0.1751125,2573363,297958,true,true,778
4.14,-48.06,-0.54,49.14,0.537643,0.1061466,2573363,300356,true,true,282
-7.38,62.46,-61.02,145.98,0.5832894,0.1371943,2573363,302550,true,true,298
-25.38,-43.02,28.98,-135.9,0.5374701,0.1292906,2573363,303399,true,true,299
26.82,-109.98,-50.58,-38.7,0.5285608,0.1267258,2573363,305895,true,true,236
-66.42,-44.1,-31.86,60.66,0.550689,0.1141782,2573363,307781,true,true,677
-13.86,-38.34,15.3,87.66,0.53257,0.1169448,2573363,310835,true,true,627
-67.5,-104.58,-23.22,151.38,0.541843,0.120522,2573363,312252,true,true,926
-62.82,124.38,-54.18,-126.9,0.5318962,0.1161633,2573363,315275,true,true,263
68.94,39.42,55.62,-84.06,0.5284748,0.119546,2573363,315929,true,true,245
45.9,-36.9,70.74,58.14,0.5303192,0.127559,2573363,316486,true,true,725
-59.58,-155.7,-2.7,84.06,0.537711,0.1225531,2573363,317258,true,true,834
89.46,121.5,27.18,-41.22,0.5504455,0.1063293,2573363,318178,true,true,830
48.42,164.7,89.46,121.86,0.5356791,0.1308421,2573363,318946,true,true,978
-1.26,108.18,76.86,167.58,0.543304,0.1357502,2573363,319088,true,true,533
17.46,-86.22,81.9,23.58,0.5295321,0.1404378,2573363,320104,true,true,51
-54.18,172.62,-33.3,-85.5,0.5323306,0.1301227,2573363,322169,true,true,956
73.62,-66.42,-10.26,170.46,0.5436509,0.1227664,2573363,323611,true,true,877
89.82,104.58,5.58,-94.14,0.5470899,0.110889,2573363,325120,true,true,101
-32.58,54.9,19.62,-77.94,0.5456857,0.1320667,2573363,328678,true,true,540
86.58,81.54,-21.78,107.1,0.5540765,0.118879,2573363,329621,true,true,122
-50.22,-81.9,-61.38,21.06,0.5497851,0.1436395,2573363,330011,true,true,434
-54.54,23.58,36.9,148.86,0.5485298,0.1398534,2573363,333251,true,true,822
-46.98,-161.1,-20.7,82.26,0.5379011,0.1363685,2573363,333567,true,true,266
-38.34,-105.66,40.86,-18.18,0.5401871,0.1343223,2573363,333609,true,true,630
-38.34,106.02,0.18,-3.42,0.5302605,0.1366703,2573363,335674,true,true,967
73.62,-160.74,33.66,-52.02,0.5331681,0.1290224,2573363,337606,true,true,757
-37.62,12.42,-47.34,-89.1,0.5309925,0.1375759,2573363,337708,true,true,695
-22.5,102.06,-59.58,-158.22,0.5224046,0.1503603,2573363,338107,true,true,988
-13.86,-166.14,-43.02,96.66,0.5342248,0.1386993,2573363,338312,true,true,980
-64.98,36.54,35.1,166.5,0.5423938,0.1940189,2573363,338888,true,true,343
-67.86,-108.54,-10.62,138.06,0.5417519,0.1301878,2573363,342022,true,true,750
86.58,146.7,-55.98,84.42,0.5257485,0.1568856,2573363,343900,true,true,232
85.86,-49.86,10.98,142.74,0.7114446,0.1180075,2573363,344838,true,true,448
-29.7,65.34,-44.46,-43.02,0.5499386,0.1388674,2573363,344941,true,true,751
-17.46,-144.18,-59.22,-60.3,0.5374246,0.152943,2573363,346073,true,true,826
-60.3,-12.06,11.7,-97.38,0.6852463,0.1443353,2573363,347338,true,true,228
86.58,56.7,75.78,-80.46,0.5415742,0.1109464,2573363,347682,true,true,333
-42.3,54.54,-47.34,167.22,0.5472243,0.1435333,2573363,348464,true,true,962
9.18,153.18,-36.9,39.06,0.5370776,0.1440649,2573363,348716,true,true,523
-12.78,-27.54,-3.42,96.3,0.5397971,0.1345861,2573363,348974,true,true,488
-59.94,59.22,-11.34,-168.66,0.5441,0.1321379,2573363,349542,true,true,291
-59.94,49.86,-7.02,-176.94,0.5456953,0.1328024,2573363,351278,true,true,188
88.38,-76.86,-57.42,-82.26,0.5453417,0.1509484,2573363,355917,true,true,119
-71.1,-100.62,67.14,-5.22,0.5621012,0.176785,2573363,355957,true,true,433
25.74,-154.62,-70.38,-74.7,0.543742,0.1873855,2573363,358668,true,true,528
-52.74,128.34,-13.86,-0.9,0.5265149,0.138201,2573363,358693,true,true,223
-73.26,-136.62,4.14,-34.02,0.53929,0.1487838,2573363,359282,true,true,874
72.9,134.46,-40.14,7.02,0.5335966,0.1410347,2573363,359652,true,true,5
-63.18,-157.5,-38.7,-55.98,0.5451115,0.1394015,2573363,360660,true,true,496
-45.9,-3.06,5.58,-116.1,0.5327363,0.1433014,2573363,364713,true,true,37
-31.14,-108.9,85.86,-142.38,0.5450766,0.1826859,2573363,365278,true,true,181
31.14,125.82,81.9,-114.66,0.5249127,0.1489384,2573363,366453,true,true,265
-20.34,-17.46,-55.62,78.66,0.5348924,0.1604506,2573363,367121,true,true,550
-47.7,125.46,68.22,-175.5,0.5289369,0.1840823,2573363,371288,true,true,369
-39.06,-85.14,-46.98,25.74,0.5467791,0.1614129,2573363,371548,true,true,164
5.58,-32.22,-58.5,-121.5,0.5341257,0.1618154,2573363,373090,true,true,813
-51.66,155.7,-16.38,-86.22,0.5315719,0.1410847,2573363,375289,true,true,508
-5.58,-8.1,76.86,-98.46,0.5295797,0.1786585,2573363,377446,true,true,371
12.78,-60.66,-57.78,48.06,0.5410335,0.17191,2573363,377986,true,true,125
-4.86,-168.66,-39.06,86.22,0.5360209,0.1521623,2573363,378187,true,true,79
-72.54,-123.66,30.78,-25.02,0.5346139,0.1913243,2573363,378254,true,true,150
-27.9,83.7,-37.98,-153.18,0.5417905,0.1625304,2573363,378800,true,true,918
32.58,-24.66,-21.78,85.86,0.5420576,0.1518984,2573363,379132,true,true,563
-68.94,-111.42,-58.86,138.42,0.5406995,0.150046,2573363,380781,true,true,772
-8.1,83.7,19.62,-58.86,0.5491508,0.1461935,2573363,387107,true,true,414
10.98,-143.82,-24.66,84.42,0.5423467,0.1535733,2573363,389338,true,true,259
-49.86,28.62,-33.66,-97.02,0.5423073,0.1495885,2573363,389605,true,true,997
-31.86,99.9,19.62,-16.74,0.5373972,0.1785891,2573363,393155,true,true,2
-17.1,39.78,-57.78,-66.42,0.543951,0.1703993,2573363,393659,true,true,200
21.42,112.86,-58.5,-142.02,0.5332947,0.1845081,2573363,397597,true,true,141
84.78,-85.14,-41.22,-121.86,0.5460175,0.1556569,2573363,398691,true,true,59
3.78,-144.9,-69.66,-61.38,0.5448174,0.2052084,2573363,399320,true,true,446
-54.9,94.86,56.34,-151.02,0.5410808,0.205012,2573363,400291,true,true,776
-32.58,16.74,39.78,162.18,0.5311545,0.1663429,2573363,401061,true,true,673
-69.3,7.02,1.26,-143.1,0.5303733,0.1592263,2573363,401483,true,true,614
88.74,46.26,-30.42,166.14,0.5372691,0.1413072,2573363,405331,true,true,753
-13.86,-170.82,-35.82,77.58,0.550302,0.1700432,2573363,405932,true,true,319
-53.82,-40.86,12.06,178.38,0.5411256,0.1639311,2573363,407902,true,true,497
-18.54,-107.46,17.82,114.3,0.5349395,0.1565072,2573363,412179,true,true,241
-12.06,-104.94,40.86,-24.3,0.536165,0.1661735,2573363,412606,true,true,169
45.54,-31.5,-62.1,-101.7,0.5365875,0.1775602,2573363,412969,true,true,440
-20.7,-32.58,86.22,-89.82,0.5385681,0.2142307,2573363,413554,true,true,685
-41.22,-46.98,-59.22,-165.78,0.5479884,0.19045,2573363,413628,true,true,947
-36.18,3.42,-7.74,-90.9,0.5314178,0.15789,2573363,414142,true,true,36
31.14,-67.86,-5.94,52.38,0.5299775,0.1480368,2573363,414695,true,true,354
-56.34,98.46,-68.94,-139.5,0.5379861,0.1594825,2573363,419993,true,true,728
89.82,104.58,62.46,-55.62,0.5404481,0.1397449,2573363,421615,true,true,72
-22.14,-8.1,-50.94,-122.58,0.5345182,0.1862746,2573363,422482,true,true,44
-24.66,-136.62,-48.78,-32.94,0.5472442,0.1868436,2573363,423889,true,true,871
-5.58,81.9,-49.5,-27.9,0.5443854,0.1952014,2573363,427205,true,true,743
55.26,-166.5,-1.62,62.1,0.5268383,0.1648331,2573363,427491,true,true,679
-49.86,-99.18,70.02,-10.62,0.5427924,0.197448,2573363,429375,true,true,577
-26.1,59.58,67.5,8.1,0.5415079,0.1803357,2573363,430917,true,true,303
20.34,-36.9,-23.58,-118.98,0.5387813,0.1672463,2573363,431081,true,true,684
6.3,-20.7,-42.3,98.46,0.5373686,0.1769037,2573363,431197,true,true,668
83.7,-171.54,5.94,49.86,0.5400922,0.1559607,2573363,431630,true,true,268
82.62,-94.5,-66.78,-153.18,0.5456892,0.2040362,2573363,431658,true,true,716
-35.46,16.02,-14.94,152.1,0.5333988,0.1691319,2573363,432962,true,true,308
74.34,134.1,-5.58,72.54,0.5370375,0.1598585,2573363,434858,true,true,330
-33.66,-109.62,-48.06,140.94,0.5432381,0.1835267,2573363,435820,true,true,457
64.98,38.34,-12.78,153.9,0.5346225,0.1633963,2573363,437287,true,true,462
17.46,142.38,74.34,-105.66,0.5297608,0.1834988,2573363,439366,true,true,645
-14.22,110.7,-50.58,-3.78,0.5250229,0.1916028,2573363,441275,true,true,745
57.06,165.42,-66.78,-109.98,0.5391044,0.2195938,2573363,441394,true,true,535
-47.7,14.58,-4.5,-93.42,0.5316526,0.1707654,2573363,442080,true,true,634
-18.18,-21.06,15.3,-125.1,0.5400732,0.1903056,2573363,442171,true,true,182
-59.58,-12.42,-14.94,125.1,0.5446722,0.1648998,2573363,443364,true,true,661
88.02,-119.34,-54.9,122.58,0.5467261,0.1957399,2573363,443980,true,true,410
-12.78,122.94,-31.5,-14.58,0.523123,0.1801811,2573363,445142,true,true,829
-51.3,-36.18,-19.26,99.9,0.5483764,0.1828197,2573363,446239,true,true,983
-48.78,72.18,-64.26,-50.58,0.5384512,0.1771919,2573363,446986,true,true,388
13.86,-56.34,-57.42,-126.18,0.5320201,0.194596,2573363,447061,true,true,873
71.46,-58.5,58.5,-145.98,0.5388544,0.1718265,2573363,447078,true,true,341
-78.3,-170.1,-47.7,57.42,0.5294138,0.1634691,2573363,449545,true,true,568
-43.38,-63.9,-16.74,82.98,0.5501002,0.1742044,2573363,453831,true,true,390
9.18,109.26,69.3,-118.98,0.5193255,0.1885935,2573363,456568,true,true,168
-3.42,49.86,39.42,-147.42,0.535847,0.1778443,2573363,457884,true,true,196
-65.7,39.78,-16.38,-93.06,0.5417625,0.172835,2573363,461287,true,true,160
-66.06,-166.5,-42.3,59.22,0.5413081,0.1723455,2573363,461365,true,true,662
-76.14,-159.3,-12.06,-14.58,0.5392818,0.1771091,2573363,463006,true,true,619
-3.42,81.9,76.5,166.14,0.546306,0.2011197,2573363,463271,true,true,704
-49.5,19.62,-59.58,146.34,0.5389795,0.1858843,2573363,463628,true,true,846
-55.62,-121.5,-28.98,12.78,0.5456243,0.1848162,2573363,466620,true,true,58
-14.94,120.06,81.54,150.66,0.514111,0.2162779,2573363,470081,true,true,375
-53.46,-151.74,-50.94,-25.74,0.5302756,0.1960671,2573363,471019,true,true,690
-14.94,-0.18,76.5,-108.18,0.5269806,0.2258409,2573363,473354,true,true,744
-51.3,132.3,30.42,-113.22,0.5352028,0.2051149,2573363,474323,true,true,659
-58.5,-43.02,31.86,165.78,0.5602185,0.2202691,2573363,474415,true,true,984
1.62,-43.74,76.86,-138.78,0.5375322,0.2293224,2573363,474523,true,true,541
-19.26,-143.46,-55.62,109.98,0.5405709,0.2103914,2573363,475663,true,true,403
76.86,-125.82,-6.66,60.66,0.5471357,0.1735542,2573363,475781,true,true,162
20.34,-116.1,9.18,-28.26,0.653738,0.1909387,2573363,477313,true,true,179
51.3,-50.22,-7.74,67.14,0.5326134,0.192433,2573363,477552,true,true,726
-49.14,176.58,-47.34,-57.42,0.5312673,0.1909491,2573363,478355,true,true,165
41.94,-30.42,-22.5,-73.26,0.5359307,0.1829694,2573363,479284,true,true,235
-41.22,101.34,-72.54,-135.9,0.5318793,0.2030175,2573363,479444,true,true,195
-21.78,-142.02,13.86,69.3,0.5357148,0.1922505,2573363,480626,true,true,357
18.9,164.7,-53.82,53.1,0.5314552,0.2232246,2573363,481026,true,true,738
-58.5,175.14,-54.9,40.5,0.5354315,0.1831338,2573363,481240,true,true,203
68.94,-100.62,-60.66,121.86,0.5478018,0.2218991,2573363,484437,true,true,11
-40.86,-135.9,3.06,-41.94,0.5339241,0.1978794,2573363,487775,true,true,845
-47.34,55.26,50.58,-167.58,0.5406203,0.226478,2573363,488409,true,true,763
-45.9,-138.06,-30.06,83.34,0.5379234,0.1943034,2573363,489884,true,true,460
-25.38,-124.38,75.78,155.34,0.5328935,0.2545084,2573363,490046,true,true,891
1.26,-178.38,77.58,131.58,0.5349967,0.2323305,2573363,490238,true,true,582
-14.58,-84.42,-50.22,31.14,0.5374866,0.2179971,2573363,491423,true,true,908
-71.46,-164.34,-0.18,-17.46,0.5332296,0.1855088,2573363,492646,true,true,419
89.82,-27.54,-32.22,87.3,0.5308264,0.1835442,2573363,494274,true,true,740
57.42,-49.86,-48.78,63.54,0.542562,0.252073,2573363,495315,true,true,787
-29.7,-16.74,-41.58,-150.3,0.535004,0.2081489,2573363,495865,true,true,289
37.62,-61.38,40.5,160.38,0.532131,0.2004515,2573363,497825,true,true,145
-74.7,-157.5,-23.94,-13.14,0.5315838,0.1858029,2573363,498538,true,true,192
59.22,159.3,81.54,96.66,0.5366545,0.1891131,2573363,498540,true,true,801
82.26,175.5,-23.94,48.42,0.5305772,0.1922383,2573363,500141,true,true,833
-19.98,-76.86,-35.1,48.06,0.5419446,0.1986597,2573363,501201,true,true,466
-42.3,53.1,71.1,-176.22,0.5431846,0.2196976,2573363,502108,true,true,290
-2.7,7.02,-9.9,-86.22,0.5356209,0.2016111,2573363,502480,true,true,987
-32.22,76.14,-46.62,-147.78,0.5518913,0.2130937,2573363,502610,true,true,880
88.38,141.66,6.3,59.22,0.5251646,0.197678,2573363,505229,true,true,996
80.1,-15.66,-22.5,89.82,0.5352528,0.2003852,2573363,505325,true,true,907
-61.74,-124.02,83.7,-140.22,0.5476269,0.2672139,2573363,505827,true,true,851
-12.42,-26.82,25.38,-147.78,0.5334881,0.2123192,2573363,506124,true,true,601
88.38,-70.02,34.38,121.86,0.5477863,0.1801385,2573363,508122,true,true,702
5.58,89.1,-73.26,-22.5,0.531592,0.2620677,2573363,509049,true,true,600
-45.18,-84.78,-60.3,44.82,0.5513362,0.2085559,2573363,509210,true,true,843
-53.1,71.1,-32.94,-140.58,0.5491609,0.1988368,2573363,509240,true,true,279
-62.1,-157.5,-71.46,-31.86,0.5427329,0.1926097,2573363,509649,true,true,127
10.62,-49.86,77.94,77.22,0.532233,0.2295885,2573363,510002,true,true,616
59.94,-145.98,8.46,60.66,0.5282839,0.1954836,2573363,510688,true,true,857
-64.62,9.9,-70.74,-124.74,0.5331229,0.1846422,2573363,510810,true,true,561
-40.5,98.82,25.38,-61.38,0.5313558,0.2184303,2573363,511435,true,true,39
-31.14,0.18,-52.02,-133.38,0.5311187,0.2257395,2573363,511867,true,true,676
5.94,-142.02,-70.38,-41.22,0.5376205,0.2714441,2573363,512794,true,true,362
-32.94,62.46,-60.66,-63.54,0.543133,0.2146186,2573363,514232,true,true,569
33.3,-63.9,33.3,154.26,0.5538187,0.2061333,2573363,515324,true,true,116
17.1,-45.54,28.98,174.42,0.5328609,0.2160187,2573363,519267,true,true,761
-26.1,88.02,35.82,-129.06,0.5383024,0.2775969,2573363,524819,true,true,151
-30.06,81.18,74.7,-141.3,0.5585859,0.2412965,2573363,525651,true,true,1
-35.1,-31.86,40.14,-127.98,0.5447186,0.2179358,2573363,525943,true,true,29
-30.78,-169.02,-71.46,-59.22,0.5310727,0.2311452,2573363,526080,true,true,613
-16.74,-153.9,-75.78,-46.98,0.5367864,0.2731643,2573363,527981,true,true,986
85.14,-18.9,-46.26,80.46,0.5292,0.2213712,2573363,529206,true,true,678
72.9,-56.34,-17.46,-94.14,0.533126,0.2015725,2573363,530572,true,true,638
-15.3,89.46,-17.46,-107.82,0.5366405,0.2252519,2573363,531591,true,true,878
56.34,-165.06,33.3,-21.78,0.5316646,0.2103044,2573363,532120,true,true,136
75.42,-139.14,-58.5,103.5,0.6171053,0.2761074,2573363,536229,true,true,766
86.58,115.02,-24.66,67.86,0.5405715,0.2078384,2573363,536412,true,true,238
62.1,-20.34,-24.66,-106.38,0.5322764,0.2143924,2573363,539167,true,true,651
82.62,112.5,-69.66,-92.7,0.5382116,0.2525659,2573363,539809,true,true,705
88.02,81.54,-18.54,86.94,0.5500075,0.2051367,2573363,539893,true,true,664
-7.74,-125.82,-47.34,120.78,0.5429812,0.2367959,2573363,540444,true,true,260
73.62,36.18,22.5,-143.46,0.5318837,0.1898605,2573363,543298,true,true,890
86.94,-174.42,60.3,-24.3,0.5348226,0.2126568,2573363,545633,true,true,430
-50.22,44.46,-40.5,-104.22,0.5552805,0.2014841,2573363,547989,true,true,62
18.18,-79.74,78.3,174.78,0.5312579,0.2261732,2573363,552430,true,true,808
19.98,37.26,71.46,-132.66,0.5312259,0.2277055,2573363,553597,true,true,838
87.66,-109.26,-58.14,78.66,0.5565796,0.2551774,2573363,555152,true,true,631
-59.94,108.18,-19.62,-95.22,0.8798795,0.2088767,2573363,562992,true,true,972
-65.7,133.02,22.5,-19.62,0.530025,0.2316303,2573363,566922,true,true,879
-26.46,105.66,24.66,-57.78,0.5230969,0.2376667,2573363,568011,true,true,110
-72.54,-53.82,51.3,154.98,0.5472042,0.2700969,2573363,569223,true,true,666
10.98,68.22,-56.7,-57.06,0.5371857,0.2612826,2573363,569752,true,true,982
27.9,-72.18,10.26,63.54,0.5353819,0.2122861,2573363,569816,true,true,732
12.78,74.7,-56.34,-161.46,0.5329388,0.2610182,2573363,570655,true,true,800
-21.42,-142.38,-66.06,-25.38,0.5360555,0.2626626,2573363,572207,true,true,389
84.78,-126.54,-29.34,41.94,0.5473458,0.2359413,2573363,573702,true,true,280
31.86,-35.46,-38.7,97.02,0.5385244,0.2519578,2573363,573983,true,true,771
-55.26,135.18,-25.02,-21.78,0.5403928,0.2161619,2573363,574521,true,true,858
83.7,179.82,25.38,57.42,0.5351903,0.2170724,2573363,575051,true,true,818
-61.74,-68.94,-61.74,151.74,0.5578396,0.2222636,2573363,575420,true,true,585
-35.82,77.58,67.5,-56.34,0.5390515,0.2539711,2573363,576747,true,true,718
33.66,-62.46,1.26,-79.74,0.6219816,0.2036344,2573363,577942,true,true,990
9.9,116.46,70.38,-102.06,0.5261033,0.2393954,2573363,578480,true,true,647
82.26,162.18,36.18,-18.9,0.5305596,0.2105333,2573363,578534,true,true,470
73.26,18.54,22.86,179.82,0.6447737,0.2481481,2573363,580468,true,true,0
27.18,-171.54,-51.66,-65.34,0.5443831,0.2697556,2573363,588226,true,true,455
-56.34,76.86,-62.46,-138.78,0.5448773,0.2497329,2573363,589133,true,true,742
79.38,68.22,-9.9,93.78,0.5494097,0.2196663,2573363,597794,true,true,660
62.46,-20.34,28.98,-135.9,0.5255708,0.2339515,2573363,598143,true,true,105
74.34,-1.26,-23.22,-79.38,0.5293477,0.2401792,2573363,598910,true,true,254
72.18,1.62,38.34,-154.26,0.5230557,0.2250302,2573363,599869,true,true,19
-24.66,99.54,-66.06,-33.3,0.5360219,0.3079877,2573363,600662,true,true,916
-73.62,173.34,-69.3,-43.74,0.5317359,0.2200485,2573363,604193,true,true,99
9.9,-114.66,-44.1,126.54,0.5363318,0.2562361,2573363,604443,true,true,469
-32.22,-162.9,-26.46,-21.42,0.5295734,0.2959397,2573363,604835,true,true,904
-47.7,-75.78,-27.54,77.94,0.5496505,0.2337963,2573363,606633,true,true,804
-20.7,-162.54,87.3,-106.74,0.5466209,0.3027847,2573363,607166,true,true,421
-41.22,-4.5,74.34,-109.62,0.5371233,0.2961371,2573363,608376,true,true,915
58.5,-22.5,-42.66,-115.74,0.5269536,0.2537804,2573363,610709,true,true,111
44.82,-11.7,12.42,154.98,0.5310407,0.2297045,2573363,612608,true,true,578
-62.46,35.1,-32.58,-165.42,0.5434955,0.234492,2573363,618423,true,true,468
-29.34,-156.42,-29.7,-14.94,0.5350038,0.2655118,2573363,618673,true,true,287
88.02,162.54,-2.34,-2.7,0.5290652,0.2203487,2573363,621188,true,true,507
86.94,159.66,48.42,-21.78,0.5264684,0.2262199,2573363,621765,true,true,373
-10.98,-143.82,-43.38,-15.66,0.5340011,0.2807522,2573363,624998,true,true,925
-52.02,-105.3,72.18,-1.62,0.5461775,0.3007536,2573363,627839,true,true,400
-53.1,33.66,77.94,36.9,0.5430522,0.3035327,2573363,632058,true,true,372
-57.78,-115.38,37.98,-70.74,0.5545765,0.312694,2573363,633126,true,true,342
76.14,28.62,-4.14,-153.18,0.5362753,0.231254,2573363,633302,true,true,646
65.7,-37.26,20.34,69.3,0.5303506,0.2405081,2573363,634399,true,true,316
44.1,-151.74,-54.9,93.42,0.5319869,0.2854094,2573363,636344,true,true,592
18.54,-74.7,-48.78,88.74,0.5286226,0.2768031,2573363,638823,true,true,176
-37.26,11.7,-47.34,162.9,0.5311184,0.2651654,2573363,641221,true,true,50
61.74,-29.34,-51.66,86.58,0.6782076,0.2915318,2573363,644691,true,true,974
-33.66,124.02,85.86,-134.1,0.523269,0.3169647,2573363,648948,true,true,832
55.62,-27.9,-2.7,-176.94,0.5292655,0.2557287,2573363,651874,true,true,175
43.02,-60.66,-19.98,-133.74,0.5299694,0.2523073,2573363,658922,true,true,366
-57.42,135.54,-69.66,-13.14,0.5293429,0.2578737,2573363,660107,true,true,365
27.54,144.54,60.66,-55.98,0.5321471,0.2706957,2573363,660118,true,true,484
74.7,-59.94,-54.18,78.3,0.5404923,0.2934108,2573363,660677,true,true,128
-4.5,-8.46,72.9,-158.22,0.5368082,0.2946262,2573363,663304,true,true,715
-11.34,132.66,-60.3,-0.54,0.5483516,0.3507356,2573363,666434,true,true,432
-36.9,-14.94,-64.98,-162.9,0.5374623,0.2803073,2573363,670682,true,true,847
59.94,-79.38,-35.1,161.46,0.5346794,0.29995,2573363,677742,true,true,875
-58.5,-8.1,-59.22,148.5,0.5415081,0.2555319,2573363,677969,true,true,229
7.02,-100.26,-18.54,100.62,0.5277403,0.2901602,2573363,678181,true,true,652
-53.82,-163.98,-31.14,-4.5,0.5382109,0.2699084,2573363,680513,true,true,154
-26.82,-152.46,-25.74,50.94,0.5353257,0.3281318,2573363,685285,true,true,775
-16.38,-7.02,-76.86,-150.3,0.528947,0.3128458,2573363,687250,true,true,734
-48.78,-125.46,73.98,-130.5,0.537728,0.3414312,2573363,687995,true,true,80
-4.5,4.86,-6.3,-143.1,0.531971,0.3037635,2573363,689293,true,true,953
-68.22,-39.06,-53.82,119.7,0.5397995,0.2537943,2573363,690150,true,true,261
-13.14,-157.86,-61.38,-29.7,0.5451765,0.3267724,2573363,691297,true,true,249
42.66,-19.26,48.06,150.66,0.5318595,0.2731737,2573363,693051,true,true,554
-68.94,1.98,27.54,172.98,0.5323519,0.3795178,2573363,697448,true,true,933
59.94,26.82,-37.98,108.9,0.5258154,0.2852851,2573363,698080,true,true,281
-4.14,-25.02,-3.78,-164.7,0.5342334,0.3444608,2573363,699140,true,true,788
17.1,-36.9,78.3,132.66,0.5344708,0.2902685,2573363,701229,true,true,65
81.54,56.34,-49.86,162.9,0.538372,0.3380961,2573363,701529,true,true,380
-29.7,85.14,62.82,-56.7,0.5385818,0.3159222,2573363,703371,true,true,8
50.58,-53.82,-23.58,168.66,0.5325678,0.2956742,2573363,704156,true,true,286
-22.86,-133.74,31.14,-39.78,0.5396027,0.2902036,2573363,707470,true,true,863
52.38,-80.46,-25.74,95.22,0.5370547,0.2849595,2573363,707552,true,true,186
85.5,85.5,13.5,81.54,0.55087,0.2492893,2573363,709603,true,true,498
57.06,-174.78,-46.62,-64.62,0.5627918,0.3329895,2573363,713481,true,true,98
70.38,37.26,25.74,57.06,0.5421003,0.2531393,2573363,717234,true,true,234
62.1,-167.22,-53.46,-52.38,0.5269989,0.3407512,2573363,718371,true,true,7
-40.86,-85.14,-12.06,106.02,0.5399272,0.27964,2573363,721366,true,true,18
69.66,-163.62,-50.94,-54.54,0.5327455,0.3842731,2573363,721952,true,true,346
-7.38,-174.06,-76.14,-47.7,0.5414717,0.33806,2573363,722132,true,true,243
33.3,-167.58,64.98,-28.98,0.5326165,0.2972842,2573363,724719,true,true,703
1.98,-32.58,-12.42,129.06,0.5374992,0.3110611,2573363,731187,true,true,572
7.74,86.58,-69.3,-140.22,0.5403183,0.3660042,2573363,734019,true,true,360
21.06,-133.38,-6.66,6.3,0.5423293,0.3135673,2573363,738276,true,true,509
-11.7,6.3,-3.78,-148.86,0.5480321,0.3062577,2573363,741903,true,true,882
-45.9,-33.66,-10.98,139.86,0.5405982,0.2877095,2573363,744376,true,true,663
86.58,162.9,14.94,-73.62,0.5323492,0.2760536,2573363,744878,true,true,812
-61.38,-5.94,-18.18,160.38,0.5431461,0.2750788,2573363,745105,true,true,123
72.18,8.1,45.9,146.7,0.5233148,0.273569,2573363,746629,true,true,612
-9.9,-90.54,-66.06,43.74,0.5477666,0.3347806,2573363,746777,true,true,325
30.06,151.74,-68.58,23.58,0.5416274,0.3872981,2573363,748702,true,true,230
43.38,-10.98,34.02,141.3,0.5300237,0.2844507,2573363,749697,true,true,599
57.78,-27.54,-67.5,-135.18,0.5286624,0.3652109,2573363,749849,true,true,823
15.3,-173.7,-34.02,-48.42,0.5514799,0.3454406,2573363,753514,true,true,959
-18.54,-29.34,50.22,-144.54,0.5363276,0.3402212,2573363,753733,true,true,733
-45.18,-55.26,-57.78,147.06,0.5434432,0.3078987,2573363,756557,true,true,490
-37.62,-19.98,-16.02,171.54,0.5514211,0.3089853,2573363,763227,true,true,63
-59.58,-140.22,26.46,-63.18,0.5484255,0.3099501,2573363,765632,true,true,811
-60.66,-119.7,-49.14,41.58,0.5436439,0.2999804,2573363,765972,true,true,683
-33.3,-10.62,74.34,79.74,0.5350533,0.3508662,2573363,766021,true,true,204
-26.82,-127.62,80.82,-106.02,0.5335203,0.3613753,2573363,768903,true,true,513
-41.94,62.1,7.38,-124.02,0.5395639,0.3086621,2573363,769151,true,true,135
-48.78,-28.62,-44.1,167.94,0.5430343,0.3047731,2573363,773976,true,true,859
15.3,118.98,88.74,101.7,0.5308279,0.31034,2573363,774821,true,true,444
-34.38,-76.86,22.14,124.02,0.5431787,0.3176313,2573363,778834,true,true,580
-52.74,86.58,71.82,7.38,0.5472761,0.3669423,2573363,782722,true,true,472
-12.06,2.34,29.7,-153.54,0.5304023,0.3373886,2573363,786826,true,true,435
-2.7,106.74,46.26,-22.5,0.5244259,0.3352932,2573363,786880,true,true,85
62.1,-53.1,15.3,95.94,0.5478235,0.303823,2573363,787559,true,true,566
-72.9,-171.9,-52.74,23.22,0.5386179,0.2913391,2573363,788058,true,true,658
-44.46,76.14,84.06,4.86,0.5392497,0.3686476,2573363,789948,true,true,166
-21.06,63.54,-36.9,-131.58,0.5464189,0.3441151,2573363,789951,true,true,429
50.58,-175.86,3.78,-1.62,0.5339459,0.3119506,2573363,791286,true,true,876
11.7,140.22,87.3,-67.5,0.5266464,0.3372895,2573363,793212,true,true,591
72.9,-172.98,-52.38,50.94,0.5390756,0.3849886,2573363,795896,true,true,305
-38.7,50.58,5.58,-134.1,0.5968803,0.321777,2573363,801011,true,true,453
14.94,-70.38,-50.94,116.46,0.5331947,0.3614179,2573363,807493,true,true,270
-7.74,1.98,-49.86,-162.18,0.531225,0.3696105,2573363,810098,true,true,264
83.34,-48.06,-46.98,-154.98,0.547117,0.3517877,2573363,810326,true,true,285
-30.42,71.46,-19.26,-76.86,0.5388175,0.310954,2573363,811957,true,true,172
-2.34,-13.5,61.74,174.06,0.5320398,0.3563592,2573363,812165,true,true,447
75.42,-134.46,-49.14,52.38,0.5582153,0.3794192,2573363,812974,true,true,94
-34.02,27.54,-42.3,-138.78,0.5370803,0.338902,2573363,817583,true,true,819
-50.94,57.78,-11.7,-118.98,0.5425536,0.3042572,2573363,819797,true,true,193
-28.62,173.34,80.46,-97.02,0.5275351,0.3952971,2573363,820157,true,true,534
59.22,-167.58,-14.58,-21.06,0.5284014,0.3761348,2573363,830431,true,true,917
85.5,-163.26,67.5,12.06,0.5330778,0.3001032,2573363,831128,true,true,860
66.06,-7.02,-49.14,-136.62,0.5256945,0.3794234,2573363,834993,true,true,379
-50.94,26.82,-17.82,-155.7,0.5401244,0.3286584,2573363,848992,true,true,21
27.54,50.58,-19.26,-93.06,0.5379137,0.3543334,2573363,851823,true,true,656
-17.46,108.9,51.3,-12.42,0.5197822,0.3855511,2573363,857015,true,true,694
-46.98,14.58,84.42,64.98,0.5353216,0.4238475,2573363,857455,true,true,156
44.82,-142.74,-49.14,74.7,0.5448677,0.4595805,2573363,857613,true,true,942
43.38,140.22,24.66,-62.1,0.5818669,0.3638118,2573363,867486,true,true,900
12.78,46.26,-12.42,-106.74,0.5305457,0.3573192,2573363,874772,true,true,133
-12.42,-36.54,-39.42,162.18,0.5367493,0.3795607,2573363,876587,true,true,717
44.82,155.34,71.46,-21.78,0.5533047,0.3540817,2573363,883271,true,true,3
-14.58,-99.18,-7.02,64.26,0.5375706,0.3795126,2573363,885915,true,true,913
-35.1,-42.3,-8.82,145.26,0.5450641,0.3598171,2573363,891094,true,true,185
-41.22,-127.26,76.86,-106.74,0.5349849,0.4178645,2573363,892784,true,true,77
-55.98,95.22,-11.34,-87.66,0.540776,0.3523246,2573363,895749,true,true,896
-21.42,39.78,-68.94,-122.58,0.5375326,0.3871844,2573363,898928,true,true,220
89.82,-32.58,-59.94,-138.78,0.5343376,0.4235126,2573363,900520,true,true,222
-40.14,-95.22,-53.46,98.46,0.5475223,0.3754031,2573363,901949,true,true,621
-9.9,161.46,-31.14,-5.58,0.5287831,0.4049281,2573363,906126,true,true,669
-45.18,-113.22,82.26,127.98,0.5383336,0.4337002,2573363,917234,true,true,332
21.42,-142.74,88.38,-34.38,0.5521086,0.383491,2573363,918011,true,true,284
79.74,-0.54,-49.5,-143.1,0.5273295,0.4108573,2573363,919445,true,true,328
-60.66,54.18,73.98,167.94,0.5446222,0.4370249,2573363,920755,true,true,802
-4.5,128.7,-70.02,-85.14,0.5234157,0.4273472,2573363,920982,true,true,837
-16.02,120.78,-68.58,-91.26,0.5165845,0.4169115,2573363,921829,true,true,100
6.66,-111.42,1.98,63.54,0.5265398,0.4759733,2573363,923668,true,true,922
28.98,171.18,15.3,-40.14,0.5327287,0.3789462,2573363,925498,true,true,895
39.06,-129.06,-64.26,93.42,0.5368057,0.4605892,2573363,926997,true,true,256
31.14,-121.5,16.38,39.78,0.5475506,0.3719839,2573363,928770,true,true,543
-13.14,9.18,81.54,107.1,0.5332996,0.4959004,2573363,929113,true,true,777
-58.86,-66.42,-64.62,122.94,0.5548187,0.3553018,2573363,930243,true,true,546
17.82,-114.66,40.14,-52.74,0.5277658,0.3737686,2573363,944025,true,true,517
-0.54,158.94,85.14,81.9,0.5349868,0.4148226,2573363,945339,true,true,525
85.5,1.62,-8.82,-177.3,0.5306032,0.3746224,2573363,947036,true,true,516
-20.7,-128.34,55.26,-40.86,0.5392527,0.4318767,2573363,957786,true,true,555
82.62,43.02,-39.78,123.3,0.5326997,0.424671,2573363,961877,true,true,949
-62.46,22.5,43.74,-171.18,0.5478516,0.4420206,2573363,964344,true,true,157
-51.66,-102.42,82.98,14.94,0.542743,0.4990248,2573363,972892,true,true,518
-54.18,143.82,72.18,132.66,0.5756833,0.4710398,2573363,973015,true,true,653
76.5,-11.34,-57.78,124.74,0.531331,0.4665648,2573363,973545,true,true,347
-2.7,-172.62,87.66,69.3,0.5391401,0.4336825,2573363,977973,true,true,473
35.46,-46.62,-9.18,123.66,0.5344744,0.4105729,2573363,979929,true,true,23
-61.38,-59.58,-52.38,116.46,0.5560948,0.3718591,2573363,982192,true,true,545
-2.7,-6.3,49.5,155.7,0.5599965,0.4427869,2573363,984022,true,true,989
-44.82,-165.42,84.78,-87.66,0.5417687,0.4811795,2573363,986230,true,true,57
83.7,-169.02,-66.78,-39.42,0.5360812,0.6119235,2573363,989024,true,true,769
28.26,-143.46,6.3,-52.02,0.5435928,0.4031558,2573363,998954,true,true,709
-62.1,23.58,86.22,67.86,0.5518943,0.4829387,2573363,1001332,true,true,83
-39.78,-111.42,-33.66,68.94,0.5419993,0.4192618,2573363,1001834,true,true,968
-35.46,78.66,74.7,131.94,0.5432193,0.4331957,2573363,1006626,true,true,283
-65.7,178.02,-60.66,1.26,0.5483888,0.4103029,2573363,1017531,true,true,767
-25.74,-169.74,-51.3,-1.62,0.5291219,0.4517648,2573363,1019487,true,true,412
-14.58,104.22,63.18,-1.98,0.5259049,0.4614834,2573363,1022690,true,true,884
24.66,-76.14,-60.3,127.26,0.5330847,0.4586085,2573363,1023992,true,true,463
-58.14,-74.34,82.26,-88.02,0.5556973,0.516913,2573363,1035217,true,true,75
10.62,-129.42,80.46,55.62,0.5324178,0.4201175,2573363,1035499,true,true,708
52.02,-40.5,-46.98,-171.54,0.5356738,0.5013954,2573363,1052738,true,true,609
23.94,-156.78,14.94,-46.98,0.5451454,0.4229717,2573363,1059044,true,true,464
74.34,-9.54,-53.46,-162.18,0.5258276,0.5155655,2573363,1059767,true,true,906
-76.5,-45.18,89.82,-157.86,0.5624721,0.5563231,2573363,1063719,true,true,117
-18.54,-36.9,-64.26,151.38,0.5363554,0.5569947,2573363,1067697,true,true,344
44.82,175.5,-61.02,27.54,0.5302321,0.54912,2573363,1073780,true,true,620
-43.02,-105.66,-62.46,70.38,0.555733,0.4371421,2573363,1076440,true,true,78
-1.98,55.98,72.9,46.26,0.5328983,0.4933252,2573363,1076824,true,true,551
-7.02,-137.7,55.98,-45.54,0.5407246,0.4707441,2573363,1088925,true,true,593
-37.98,-55.98,79.38,166.86,0.549291,0.5396046,2573363,1095525,true,true,55
24.66,-53.1,-48.06,136.26,0.5325045,0.5292372,2573363,1097707,true,true,318
13.14,169.74,-50.94,-34.74,0.5339365,0.5274414,2573363,1099755,true,true,336
-52.74,-138.78,80.1,115.74,0.5369032,0.5717825,2573363,1101102,true,true,741
28.62,130.5,79.38,47.34,0.5362874,0.4374981,2573363,1104498,true,true,14
-41.58,90.54,-68.94,-86.22,0.5352405,0.4560379,2573363,1111082,true,true,465
-12.78,42.3,81.54,-138.06,0.5478588,0.6867999,2573363,1114400,true,true,779
-48.06,142.74,83.7,-95.22,0.5300897,0.5451442,2573363,1116961,true,true,748
16.74,118.26,40.14,-50.22,0.5266463,0.4458492,2573363,1128720,true,true,853
-26.1,101.34,77.22,-12.06,0.5264575,0.5155335,2573363,1138620,true,true,675
-38.7,139.14,-64.62,-38.34,0.5262231,0.4800552,2573363,1139689,true,true,759
19.26,141.66,-66.06,-14.58,0.5379076,0.5718585,2573363,1143144,true,true,30
38.7,132.3,33.66,-13.5,0.5300878,0.4550172,2573363,1148056,true,true,506
16.38,-44.46,3.78,148.86,0.538456,0.5059747,2573363,1154093,true,true,749
18.54,-128.34,75.78,30.06,0.5340144,0.4759865,2573363,1161560,true,true,583
17.46,-53.82,-43.74,167.22,0.533316,0.5226164,2573363,1167602,true,true,864
0.18,-139.5,53.46,-23.58,0.5409392,0.5295868,2573363,1168408,true,true,909
8.46,-146.7,35.1,-71.82,0.5421121,0.5155733,2573363,1174054,true,true,964
25.02,62.46,-37.62,-104.58,0.5334097,0.5090018,2573363,1182253,true,true,536
-59.94,-109.26,17.82,69.66,0.548177,0.4846453,2573363,1182277,true,true,579
-48.78,8.82,64.26,-175.14,0.5356819,0.5665374,2573363,1182430,true,true,322
19.98,-20.7,-74.34,171.9,0.5382713,0.5441553,2573363,1188020,true,true,443
-14.94,-166.14,-54.9,23.22,0.5402819,0.544632,2573363,1194107,true,true,571
-23.58,159.3,-74.7,-28.98,0.536097,0.5262114,2573363,1203828,true,true,244
63.54,-75.42,-59.58,158.94,0.5374657,0.5768576,2573363,1218123,true,true,567
-43.02,-121.86,86.22,-21.42,0.535375,0.5831235,2573363,1219253,true,true,338
-9.9,75.78,-50.94,-106.74,0.5420369,0.5345781,2573363,1223410,true,true,471
-43.02,-155.7,46.62,-9.18,0.535044,0.5884067,2573363,1225620,true,true,477
-65.7,15.3,88.38,-139.5,0.5335532,0.5976422,2573363,1233028,true,true,816
52.02,-22.5,-63.18,179.1,0.5301471,0.573482,2573363,1234449,true,true,140
-28.98,63.18,81.54,-95.94,0.5436983,0.5934272,2573363,1249124,true,true,714
-11.7,-141.66,44.1,-68.58,0.536828,0.512951,2573363,1249922,true,true,292
74.7,-3.06,-31.5,-176.22,0.5251389,0.5243693,2573363,1251566,true,true,409
-16.74,-125.46,74.7,65.34,0.5359181,0.5447978,2573363,1251619,true,true,147
23.94,-134.1,73.26,6.66,0.5436412,0.5206017,2573363,1275586,true,true,441
70.02,42.66,-63.18,179.82,0.5338723,0.6013585,2573363,1283273,true,true,686
-43.74,152.82,72.9,-75.06,0.5314451,0.5977471,2573363,1284040,true,true,674
-42.3,-170.1,57.06,-57.42,0.5353359,0.5839652,2573363,1293810,true,true,840
-40.86,-175.86,62.46,-53.82,0.5314961,0.5806613,2573363,1295482,true,true,88
-20.34,104.22,-43.02,-73.26,0.5986198,0.5502045,2573363,1299372,true,true,975
-28.98,-80.82,82.98,-89.1,0.5570957,0.6301601,2573363,1312189,true,true,992
31.14,-75.06,-63.18,142.38,0.540335,0.5919216,2573363,1316101,true,true,84
25.02,178.02,21.06,-92.34,0.5326107,0.5109835,2573363,1326767,true,true,339
-22.5,40.14,42.3,-135.54,0.5385539,0.6056873,2573363,1329437,true,true,401
-40.5,57.78,71.46,-125.1,0.5466519,0.638038,2573363,1330857,true,true,368
45.18,-175.14,-66.06,-16.74,0.5273758,0.7117771,2573363,1374619,true,true,623
-51.3,-139.14,55.26,13.5,0.5348431,0.6841699,2573363,1402322,true,true,242
-34.38,-6.66,83.7,128.34,0.5327932,0.6320814,2573363,1410161,true,true,194
56.34,-152.1,-43.38,43.02,0.5329189,0.6978243,2573363,1413318,true,true,649
-46.98,175.86,31.86,-74.34,0.5348017,0.5912151,2573363,1421301,true,true,797
-10.98,-155.7,88.74,-19.98,0.5447899,0.7928566,2573363,1421676,true,true,773
-62.46,-172.62,85.5,76.86,0.5349687,0.6833897,2573363,1439981,true,true,382
19.26,135.54,58.5,-2.34,0.526365,0.6065644,2573363,1451042,true,true,792
-43.74,34.74,84.06,95.94,0.5428609,0.7591092,2573363,1455705,true,true,791
-52.38,49.14,25.74,-125.82,0.5476579,0.6084228,2573363,1466009,true,true,836
17.1,-171.9,-68.22,18.54,0.548341,0.7243688,2573363,1470193,true,true,213
-36.9,131.22,73.62,-70.02,0.5226905,0.6862408,2573363,1477935,true,true,706
-36.18,101.7,84.06,29.7,0.5318917,0.693437,2573363,1484416,true,true,501
-62.82,-131.22,77.94,18.54,0.5407,0.7581711,2573363,1503533,true,true,758
21.78,169.38,-62.82,-20.7,0.5406654,0.7418389,2573363,1504039,true,true,492
13.86,-125.1,-15.66,40.5,0.5371435,0.6817278,2573363,1510981,true,true,212
-22.86,-93.06,84.78,42.3,0.5402052,0.7689565,2573363,1514197,true,true,426
21.42,125.82,-74.34,-57.42,0.5246427,0.7199139,2573363,1519151,true,true,374
79.38,166.14,-58.5,-11.7,0.5302096,0.7690528,2573363,1526409,true,true,399
-37.26,-143.46,64.26,-76.5,0.538502,0.6862548,2573363,1526867,true,true,596
-62.46,33.3,87.66,99.18,0.5456941,0.7263457,2573363,1547714,true,true,807
-24.3,111.78,84.42,22.14,0.5173004,0.710446,2573363,1549629,true,true,729
21.42,144.54,84.78,10.26,0.5425881,0.6410238,2573363,1563791,true,true,844
-5.58,109.26,73.98,23.58,0.5268793,0.7074161,2573363,1587397,true,true,393
-9.9,-126.54,81.9,17.46,0.53762,0.7353007,2573363,1600915,true,true,12
-21.78,151.02,76.86,45.54,0.5292707,0.7319353,2573363,1603155,true,true,958
58.86,148.86,-50.94,-37.26,0.542474,0.7997988,2573363,1608524,true,true,869
-64.98,59.94,74.7,81.18,0.5563963,0.7503688,2573363,1610477,true,true,991
-44.82,146.34,8.82,-50.22,0.5405767,0.6552745,2573363,1616215,true,true,96
35.82,-158.58,-9.18,8.82,0.5367734,0.70375,2573363,1628826,true,true,247
-39.42,-11.7,75.42,130.86,0.5404491,0.7466874,2573363,1637308,true,true,841
-18.54,151.02,13.14,-33.3,0.5282041,0.8299458,2573363,1650321,true,true,939
-64.26,153.18,16.38,-55.62,0.5418831,0.6739434,2573363,1655163,true,true,104
41.22,161.1,-35.46,-13.5,0.5398026,0.9698475,2573363,1661273,true,true,424
-22.14,103.5,89.46,-48.06,0.5193638,0.7528283,2573363,1661279,true,true,622
-62.46,3.78,79.74,-170.82,0.5367619,0.8008719,2573363,1664704,true,true,515
39.06,160.38,-12.06,-32.58,0.5415455,0.6993228,2573363,1670782,true,true,257
-37.62,153.54,29.34,-35.46,0.5259545,0.7581044,2573363,1683787,true,true,667
-15.3,-156.42,84.42,23.94,0.5392438,0.7503015,2573363,1686571,true,true,25
27.54,157.14,-37.26,-30.42,0.5433552,0.781136,2573363,1690021,true,true,313
23.94,-176.22,-55.98,1.62,0.5322323,0.8198804,2573363,1692891,true,true,92
-21.42,-160.74,77.94,27.18,0.5373486,0.7655098,2573363,1710219,true,true,129
33.3,156.06,-33.3,-23.58,0.9800489,0.8496136,2573363,1714156,true,true,971
-55.98,143.82,43.74,-46.98,0.5315119,0.7584926,2573363,1719438,true,true,805
-45.54,-46.62,87.3,117.9,0.5435049,0.889069,2573363,1725733,true,true,781
-22.5,9.54,89.46,154.26,0.5342773,0.7842405,2573363,1741762,true,true,386
-37.98,159.66,33.3,-32.94,0.5294824,0.7807516,2573363,1745136,true,true,489
-32.22,158.22,51.3,-21.78,0.5328987,0.8523748,2573363,1817132,true,true,993
19.26,147.06,0.9,-47.7,0.5561076,0.7403143,2573363,1853983,true,true,321
-45.18,-179.82,64.62,-1.26,0.5289609,0.8698265,2573363,1857699,true,true,76
25.02,-172.98,0.18,7.02,0.5348373,0.7997694,2573363,1870300,true,true,573
-47.34,173.7,81.9,2.34,0.5401275,0.9947836,2573363,1933519,true,true,784
-45.18,137.7,14.22,-78.66,0.5249128,0.7676043,2573363,1936124,true,true,163
-63.18,127.26,84.78,62.1,0.5386971,0.9808341,2573363,2077661,true,true,940
-59.58,-153.9,75.78,42.66,0.5364174,1.2640244,2573363,2195931,true,true,780
48.78,153.9,36.18,18.18,0.5401845,1.0778055,2573363,2573363,false,false,153
5.94,79.74,43.02,3.42,0.5412631,1.0556993,2573363,2573363,false,false,267
32.58,-62.46,44.82,36.54,0.5350992,1.0560467,2573363,2573363,false,false,296
78.3,-120.42,71.1,-27.9,0.5545171,1.0165079,2573363,2573363,false,false,384
72.18,139.5,34.38,11.34,0.5273191,1.0332405,2573363,2573363,false,false,420
-6.3,95.94,36.9,12.06,0.5262292,1.0595298,2573363,2573363,false,false,557
81.18,-126.9,41.58,3.06,0.5481295,1.0654476,2573363,2573363,false,false,924
,,,,,,,,,,
Analysis,,,,,,,,,,
,Time speedup, Nodes used less,,t dijkstra avg.,t astar avg., total dijkstra, total astar, dijkstra routes, astar routes,
Average all,2.736165072,0.175316072,,0.537368947,0.19639493,2557982,448455,1000,1000,
,,,,,,,,,,
Average found,2.823107779,0.169447879,,0.540610344,0.191494759,2573363,436050,987,987,
